customer_id,activity_month,logins,support_tickets
1,2024-01-01,11,0
1,2024-02-01,14,0
1,2024-03-01,18,0
1,2024-04-01,25,0
1,2024-05-01,20,0
1,2024-06-01,9,1
1,2024-07-01,16,0
1,2024-08-01,12,0
1,2024-09-01,20,0
1,2024-10-01,15,0
1,2024-11-01,16,0
1,2024-12-01,14,0
1,2025-01-01,26,1
1,2025-02-01,14,0
1,2025-03-01,13,0
1,2025-04-01,22,0
1,2025-05-01,15,0
1,2025-06-01,14,0
1,2025-07-01,20,0
1,2025-08-01,18,0
1,2025-09-01,16,0
1,2025-10-01,14,0
1,2025-11-01,15,2
1,2025-12-01,16,0
2,2024-01-01,41,0
2,2024-02-01,41,1
2,2024-03-01,44,0
2,2024-04-01,43,0
2,2024-05-01,37,0
2,2024-06-01,34,0
2,2024-07-01,36,0
2,2024-08-01,42,0
2,2024-09-01,38,0
2,2024-10-01,41,0
2,2024-11-01,39,0
2,2024-12-01,45,0
2,2025-01-01,42,0
2,2025-02-01,38,0
2,2025-03-01,36,0
2,2025-04-01,39,0
2,2025-05-01,40,1
2,2025-06-01,44,0
2,2025-07-01,43,0
2,2025-08-01,31,0
2,2025-09-01,34,0
2,2025-10-01,40,1
2,2025-11-01,37,0
2,2025-12-01,46,0
3,2024-01-01,20,1
3,2024-02-01,11,1
3,2024-03-01,6,0
3,2024-04-01,14,0
3,2024-05-01,9,0
3,2024-06-01,13,0
3,2024-07-01,14,1
3,2024-08-01,14,1
3,2024-09-01,11,0
3,2024-10-01,9,0
3,2024-11-01,9,0
3,2024-12-01,17,0
3,2025-01-01,21,0
3,2025-02-01,17,0
3,2025-03-01,12,0
3,2025-04-01,14,0
3,2025-05-01,17,1
3,2025-06-01,9,0
3,2025-07-01,17,0
3,2025-08-01,14,0
3,2025-09-01,16,0
3,2025-10-01,19,0
3,2025-11-01,14,2
3,2025-12-01,14,1
4,2024-01-01,15,0
4,2024-02-01,9,0
4,2024-03-01,11,1
4,2024-04-01,14,0
4,2024-05-01,17,2
4,2024-06-01,16,0
4,2024-07-01,14,1
4,2024-08-01,18,0
4,2024-09-01,21,0
4,2024-10-01,13,0
4,2024-11-01,14,1
4,2024-12-01,18,0
4,2025-01-01,11,0
4,2025-02-01,17,0
4,2025-03-01,10,0
4,2025-04-01,13,0
4,2025-05-01,16,0
4,2025-06-01,13,1
4,2025-07-01,13,1
4,2025-08-01,15,0
4,2025-09-01,12,0
4,2025-10-01,8,0
4,2025-11-01,8,0
4,2025-12-01,20,0
5,2024-01-01,26,0
5,2024-02-01,25,0
5,2024-03-01,22,0
5,2024-04-01,26,1
5,2024-05-01,29,0
5,2024-06-01,21,0
5,2024-07-01,18,0
5,2024-08-01,23,0
5,2024-09-01,33,0
5,2024-10-01,32,1
5,2024-11-01,16,0
5,2024-12-01,12,2
5,2025-01-01,11,0
6,2024-01-01,58,3
6,2024-02-01,57,0
6,2024-03-01,55,0
6,2024-04-01,58,0
6,2024-05-01,62,0
6,2024-06-01,71,0
6,2024-07-01,64,0
6,2024-08-01,67,0
6,2024-09-01,49,0
6,2024-10-01,59,0
6,2024-11-01,43,0
6,2024-12-01,52,0
6,2025-01-01,62,2
6,2025-02-01,57,1
6,2025-03-01,66,0
6,2025-04-01,58,1
6,2025-05-01,59,0
6,2025-06-01,64,0
6,2025-07-01,60,0
6,2025-08-01,56,0
6,2025-09-01,61,0
6,2025-10-01,60,0
6,2025-11-01,41,0
6,2025-12-01,63,1
7,2024-01-01,28,0
7,2024-02-01,29,0
7,2024-03-01,40,0
7,2024-04-01,31,0
7,2024-05-01,35,0
7,2024-06-01,30,0
7,2024-07-01,27,0
7,2024-08-01,34,0
7,2024-09-01,17,1
7,2024-10-01,33,0
7,2024-11-01,35,0
7,2024-12-01,36,0
7,2025-01-01,24,0
7,2025-02-01,26,0
7,2025-03-01,26,0
7,2025-04-01,23,0
7,2025-05-01,35,0
7,2025-06-01,29,0
7,2025-07-01,14,1
7,2025-08-01,7,1
8,2024-01-01,27,1
8,2024-02-01,33,1
8,2024-03-01,28,0
8,2024-04-01,26,0
8,2024-05-01,29,0
8,2024-06-01,45,0
8,2024-07-01,38,0
8,2024-08-01,39,1
8,2024-09-01,33,0
8,2024-10-01,37,0
8,2024-11-01,33,0
8,2024-12-01,34,0
8,2025-01-01,38,0
8,2025-02-01,37,0
8,2025-03-01,35,0
8,2025-04-01,35,1
8,2025-05-01,34,0
8,2025-06-01,46,0
8,2025-07-01,39,1
8,2025-08-01,39,0
8,2025-09-01,33,0
8,2025-10-01,35,0
8,2025-11-01,31,0
8,2025-12-01,34,0
9,2024-01-01,4,2
9,2024-02-01,4,1
10,2024-01-01,16,0
10,2024-02-01,17,2
10,2024-03-01,12,3
11,2024-01-01,10,0
11,2024-02-01,24,0
11,2024-03-01,17,0
11,2024-04-01,12,0
11,2024-05-01,22,0
11,2024-06-01,22,0
11,2024-07-01,17,0
11,2024-08-01,18,0
11,2024-09-01,17,0
11,2024-10-01,22,0
11,2024-11-01,15,0
11,2024-12-01,23,0
11,2025-01-01,18,0
11,2025-02-01,15,0
11,2025-03-01,14,0
11,2025-04-01,24,0
11,2025-05-01,13,0
11,2025-06-01,14,0
11,2025-07-01,21,0
11,2025-08-01,16,0
11,2025-09-01,16,0
11,2025-10-01,20,0
11,2025-11-01,19,1
11,2025-12-01,14,0
12,2024-01-01,17,1
12,2024-02-01,10,0
12,2024-03-01,14,0
12,2024-04-01,7,0
12,2024-05-01,18,0
12,2024-06-01,14,0
12,2024-07-01,6,0
12,2024-08-01,15,0
12,2024-09-01,13,0
12,2024-10-01,14,0
12,2024-11-01,15,0
12,2024-12-01,11,0
12,2025-01-01,21,0
12,2025-02-01,13,0
12,2025-03-01,13,1
12,2025-04-01,13,0
12,2025-05-01,13,1
12,2025-06-01,13,0
12,2025-07-01,22,0
12,2025-08-01,13,0
12,2025-09-01,15,0
12,2025-10-01,14,0
12,2025-11-01,17,1
12,2025-12-01,14,1
13,2024-01-01,12,0
13,2024-02-01,19,0
13,2024-03-01,19,0
13,2024-04-01,11,0
13,2024-05-01,16,0
13,2024-06-01,8,0
13,2024-07-01,25,0
13,2024-08-01,13,0
13,2024-09-01,22,0
13,2024-10-01,15,0
13,2024-11-01,12,0
13,2024-12-01,21,0
13,2025-01-01,18,0
13,2025-02-01,17,1
13,2025-03-01,16,0
13,2025-04-01,26,0
13,2025-05-01,20,1
13,2025-06-01,17,0
13,2025-07-01,9,0
13,2025-08-01,16,1
13,2025-09-01,12,0
13,2025-10-01,19,1
13,2025-11-01,16,0
13,2025-12-01,15,0
14,2024-01-01,17,0
14,2024-02-01,18,0
14,2024-03-01,15,2
14,2024-04-01,14,1
14,2024-05-01,16,0
14,2024-06-01,18,0
14,2024-07-01,17,0
14,2024-08-01,21,0
14,2024-09-01,10,0
14,2024-10-01,19,0
14,2024-11-01,19,0
14,2024-12-01,15,1
14,2025-01-01,20,0
14,2025-02-01,16,0
14,2025-03-01,19,0
14,2025-04-01,26,0
14,2025-05-01,26,1
14,2025-06-01,17,0
14,2025-07-01,12,1
14,2025-08-01,23,0
14,2025-09-01,20,1
14,2025-10-01,15,0
14,2025-11-01,20,0
14,2025-12-01,14,0
15,2024-01-01,20,0
15,2024-02-01,16,0
15,2024-03-01,23,1
15,2024-04-01,25,0
15,2024-05-01,24,0
15,2024-06-01,18,1
15,2024-07-01,25,0
15,2024-08-01,24,0
15,2024-09-01,32,0
15,2024-10-01,34,1
15,2024-11-01,26,0
15,2024-12-01,29,0
15,2025-01-01,38,0
15,2025-02-01,26,0
15,2025-03-01,35,0
15,2025-04-01,22,0
15,2025-05-01,23,0
15,2025-06-01,23,0
15,2025-07-01,31,1
15,2025-08-01,29,1
15,2025-09-01,25,0
15,2025-10-01,17,1
15,2025-11-01,11,0
15,2025-12-01,6,0
16,2024-02-01,13,1
16,2024-03-01,9,0
16,2024-04-01,14,0
16,2024-05-01,17,1
16,2024-06-01,2,0
16,2024-07-01,3,1
17,2024-02-01,21,0
17,2024-03-01,18,1
17,2024-04-01,23,1
17,2024-05-01,23,0
17,2024-06-01,26,0
17,2024-07-01,30,0
17,2024-08-01,30,0
17,2024-09-01,24,0
17,2024-10-01,20,1
17,2024-11-01,11,1
17,2024-12-01,8,3
18,2024-02-01,10,0
18,2024-03-01,10,0
18,2024-04-01,10,0
18,2024-05-01,8,0
18,2024-06-01,11,0
18,2024-07-01,8,0
18,2024-08-01,5,0
18,2024-09-01,7,2
18,2024-10-01,6,0
18,2024-11-01,9,0
18,2024-12-01,10,0
18,2025-01-01,8,0
18,2025-02-01,10,0
18,2025-03-01,12,1
18,2025-04-01,3,2
18,2025-05-01,2,1
19,2024-02-01,41,1
19,2024-03-01,36,0
19,2024-04-01,36,0
19,2024-05-01,43,0
19,2024-06-01,37,0
19,2024-07-01,37,1
19,2024-08-01,25,1
19,2024-09-01,23,1
19,2024-10-01,18,1
20,2024-02-01,11,0
20,2024-03-01,6,0
20,2024-04-01,14,0
20,2024-05-01,10,0
20,2024-06-01,18,0
21,2024-02-01,7,2
21,2024-03-01,7,0
22,2024-02-01,16,1
22,2024-03-01,11,1
22,2024-04-01,14,1
22,2024-05-01,4,2
22,2024-06-01,4,3
23,2024-02-01,44,0
23,2024-03-01,42,0
23,2024-04-01,28,1
23,2024-05-01,35,0
23,2024-06-01,39,0
23,2024-07-01,36,0
23,2024-08-01,33,1
23,2024-09-01,34,0
23,2024-10-01,30,0
23,2024-11-01,35,0
23,2024-12-01,34,1
23,2025-01-01,26,0
23,2025-02-01,35,0
23,2025-03-01,43,0
23,2025-04-01,30,0
23,2025-05-01,34,0
23,2025-06-01,45,0
23,2025-07-01,36,0
23,2025-08-01,42,0
23,2025-09-01,52,0
23,2025-10-01,33,0
23,2025-11-01,46,0
23,2025-12-01,34,0
24,2024-02-01,10,1
24,2024-03-01,13,0
25,2024-02-01,30,0
25,2024-03-01,31,0
25,2024-04-01,22,0
25,2024-05-01,22,0
25,2024-06-01,21,0
25,2024-07-01,14,1
25,2024-08-01,8,1
26,2024-02-01,12,0
26,2024-03-01,8,1
27,2024-02-01,15,0
27,2024-03-01,10,0
27,2024-04-01,10,1
27,2024-05-01,15,1
27,2024-06-01,8,0
27,2024-07-01,11,0
27,2024-08-01,15,0
27,2024-09-01,25,2
27,2024-10-01,9,0
27,2024-11-01,9,0
27,2024-12-01,11,0
27,2025-01-01,13,0
27,2025-02-01,10,1
27,2025-03-01,12,0
27,2025-04-01,10,2
27,2025-05-01,13,0
27,2025-06-01,14,0
27,2025-07-01,12,0
27,2025-08-01,8,1
27,2025-09-01,14,0
27,2025-10-01,12,0
27,2025-11-01,3,0
27,2025-12-01,3,2
28,2024-02-01,14,1
28,2024-03-01,16,0
28,2024-04-01,13,0
28,2024-05-01,17,0
28,2024-06-01,18,0
28,2024-07-01,9,0
28,2024-08-01,3,1
28,2024-09-01,2,2
29,2024-02-01,11,1
29,2024-03-01,19,0
29,2024-04-01,13,0
29,2024-05-01,16,0
29,2024-06-01,15,0
29,2024-07-01,16,0
29,2024-08-01,17,0
29,2024-09-01,14,0
29,2024-10-01,12,0
29,2024-11-01,8,1
29,2024-12-01,8,0
29,2025-01-01,22,1
29,2025-02-01,17,0
29,2025-03-01,19,1
29,2025-04-01,17,1
29,2025-05-01,13,0
29,2025-06-01,21,0
29,2025-07-01,20,0
29,2025-08-01,11,1
29,2025-09-01,15,0
29,2025-10-01,18,0
29,2025-11-01,24,0
29,2025-12-01,18,0
30,2024-02-01,21,1
30,2024-03-01,29,0
30,2024-04-01,27,1
30,2024-05-01,29,0
30,2024-06-01,40,1
30,2024-07-01,36,0
30,2024-08-01,35,0
30,2024-09-01,34,1
30,2024-10-01,38,0
30,2024-11-01,34,0
30,2024-12-01,55,0
30,2025-01-01,36,1
30,2025-02-01,32,0
30,2025-03-01,37,0
30,2025-04-01,34,0
30,2025-05-01,47,0
30,2025-06-01,32,0
30,2025-07-01,21,0
30,2025-08-01,33,0
30,2025-09-01,22,0
30,2025-10-01,35,0
30,2025-11-01,37,1
30,2025-12-01,34,0
31,2024-02-01,22,0
31,2024-03-01,15,0
31,2024-04-01,28,0
31,2024-05-01,21,0
31,2024-06-01,23,0
31,2024-07-01,16,1
31,2024-08-01,22,0
31,2024-09-01,16,0
31,2024-10-01,23,0
31,2024-11-01,22,2
31,2024-12-01,20,0
31,2025-01-01,20,1
31,2025-02-01,26,0
31,2025-03-01,21,0
31,2025-04-01,18,1
31,2025-05-01,26,0
31,2025-06-01,22,0
31,2025-07-01,27,0
31,2025-08-01,20,1
31,2025-09-01,23,0
31,2025-10-01,19,0
31,2025-11-01,17,1
31,2025-12-01,26,0
32,2024-02-01,6,0
32,2024-03-01,8,2
32,2024-04-01,6,1
32,2024-05-01,3,1
33,2024-02-01,14,1
33,2024-03-01,13,0
33,2024-04-01,18,0
33,2024-05-01,22,0
33,2024-06-01,19,0
33,2024-07-01,15,0
33,2024-08-01,11,0
33,2024-09-01,16,0
33,2024-10-01,14,0
33,2024-11-01,14,0
33,2024-12-01,15,0
33,2025-01-01,16,0
33,2025-02-01,12,0
33,2025-03-01,17,1
33,2025-04-01,17,0
33,2025-05-01,9,0
33,2025-06-01,16,1
33,2025-07-01,17,1
33,2025-08-01,14,0
33,2025-09-01,11,0
33,2025-10-01,6,0
33,2025-11-01,17,0
33,2025-12-01,23,0
34,2024-02-01,24,0
34,2024-03-01,25,1
34,2024-04-01,27,0
34,2024-05-01,26,0
34,2024-06-01,20,0
34,2024-07-01,31,0
34,2024-08-01,28,0
34,2024-09-01,24,1
34,2024-10-01,32,0
34,2024-11-01,27,0
34,2024-12-01,25,0
34,2025-01-01,23,0
34,2025-02-01,18,0
34,2025-03-01,29,0
35,2024-02-01,19,0
35,2024-03-01,16,1
35,2024-04-01,19,1
35,2024-05-01,20,0
35,2024-06-01,24,0
35,2024-07-01,21,0
35,2024-08-01,19,0
35,2024-09-01,21,0
35,2024-10-01,22,1
35,2024-11-01,27,0
35,2024-12-01,22,0
35,2025-01-01,19,0
35,2025-02-01,23,0
35,2025-03-01,17,0
35,2025-04-01,19,0
35,2025-05-01,20,0
35,2025-06-01,17,1
35,2025-07-01,14,0
35,2025-08-01,17,2
35,2025-09-01,27,1
35,2025-10-01,16,0
35,2025-11-01,22,1
35,2025-12-01,26,0
36,2024-02-01,13,0
36,2024-03-01,14,0
36,2024-04-01,16,0
36,2024-05-01,10,0
36,2024-06-01,12,1
36,2024-07-01,15,0
36,2024-08-01,8,0
36,2024-09-01,17,0
36,2024-10-01,12,0
36,2024-11-01,13,0
36,2024-12-01,14,0
36,2025-01-01,24,0
36,2025-02-01,12,0
36,2025-03-01,12,1
36,2025-04-01,14,0
36,2025-05-01,15,0
36,2025-06-01,11,0
36,2025-07-01,18,0
36,2025-08-01,15,0
36,2025-09-01,20,0
36,2025-10-01,12,0
36,2025-11-01,8,0
36,2025-12-01,5,0
37,2024-02-01,20,0
37,2024-03-01,13,0
37,2024-04-01,22,0
37,2024-05-01,17,0
37,2024-06-01,19,0
37,2024-07-01,23,0
37,2024-08-01,23,0
37,2024-09-01,21,0
37,2024-10-01,20,0
37,2024-11-01,19,0
37,2024-12-01,23,0
37,2025-01-01,21,0
37,2025-02-01,20,0
37,2025-03-01,15,1
37,2025-04-01,17,0
37,2025-05-01,16,0
37,2025-06-01,26,0
37,2025-07-01,17,0
37,2025-08-01,16,0
37,2025-09-01,30,2
37,2025-10-01,19,0
37,2025-11-01,12,0
37,2025-12-01,7,1
38,2024-02-01,21,0
38,2024-03-01,17,0
38,2024-04-01,20,0
38,2024-05-01,25,0
38,2024-06-01,39,0
38,2024-07-01,18,0
38,2024-08-01,15,0
38,2024-09-01,24,0
38,2024-10-01,19,0
38,2024-11-01,20,0
38,2024-12-01,19,0
38,2025-01-01,23,1
38,2025-02-01,25,0
38,2025-03-01,13,0
38,2025-04-01,22,0
38,2025-05-01,19,1
38,2025-06-01,14,0
38,2025-07-01,18,0
38,2025-08-01,20,0
38,2025-09-01,21,0
38,2025-10-01,23,0
38,2025-11-01,11,1
38,2025-12-01,12,1
39,2024-02-01,33,0
39,2024-03-01,45,0
39,2024-04-01,49,0
39,2024-05-01,52,0
39,2024-06-01,40,0
39,2024-07-01,38,0
39,2024-08-01,37,0
39,2024-09-01,40,0
39,2024-10-01,47,1
39,2024-11-01,39,0
39,2024-12-01,48,0
39,2025-01-01,45,0
39,2025-02-01,57,1
39,2025-03-01,47,1
39,2025-04-01,43,0
39,2025-05-01,34,0
39,2025-06-01,65,0
39,2025-07-01,38,0
39,2025-08-01,45,0
39,2025-09-01,34,0
39,2025-10-01,37,0
39,2025-11-01,49,0
39,2025-12-01,40,0
40,2024-02-01,24,0
40,2024-03-01,13,0
40,2024-04-01,30,0
40,2024-05-01,11,0
40,2024-06-01,28,1
40,2024-07-01,17,0
40,2024-08-01,27,0
40,2024-09-01,18,0
40,2024-10-01,28,1
40,2024-11-01,16,0
40,2024-12-01,17,0
40,2025-01-01,20,0
40,2025-02-01,21,1
40,2025-03-01,18,0
40,2025-04-01,22,0
40,2025-05-01,24,0
40,2025-06-01,17,0
40,2025-07-01,19,0
40,2025-08-01,15,0
40,2025-09-01,21,0
40,2025-10-01,26,0
40,2025-11-01,17,0
40,2025-12-01,24,0
41,2024-02-01,18,1
41,2024-03-01,21,0
41,2024-04-01,13,0
41,2024-05-01,22,0
41,2024-06-01,21,0
41,2024-07-01,19,1
41,2024-08-01,18,1
41,2024-09-01,19,0
41,2024-10-01,27,0
41,2024-11-01,10,0
41,2024-12-01,5,0
41,2025-01-01,6,0
42,2024-02-01,38,2
42,2024-03-01,30,0
42,2024-04-01,33,0
42,2024-05-01,37,0
42,2024-06-01,43,0
42,2024-07-01,38,0
42,2024-08-01,32,1
42,2024-09-01,47,1
42,2024-10-01,41,0
42,2024-11-01,39,1
42,2024-12-01,34,1
42,2025-01-01,31,0
42,2025-02-01,37,0
42,2025-03-01,41,1
42,2025-04-01,37,1
42,2025-05-01,39,1
42,2025-06-01,29,0
42,2025-07-01,15,0
42,2025-08-01,9,1
43,2024-02-01,19,0
43,2024-03-01,24,1
43,2024-04-01,20,0
43,2024-05-01,11,0
43,2024-06-01,24,0
43,2024-07-01,20,0
43,2024-08-01,17,0
43,2024-09-01,3,0
43,2024-10-01,6,0
44,2024-02-01,19,0
44,2024-03-01,12,0
44,2024-04-01,9,0
44,2024-05-01,5,0
44,2024-06-01,8,0
44,2024-07-01,9,0
44,2024-08-01,8,0
44,2024-09-01,12,0
44,2024-10-01,7,1
44,2024-11-01,9,1
44,2024-12-01,17,0
44,2025-01-01,9,0
44,2025-02-01,11,0
44,2025-03-01,12,0
44,2025-04-01,15,0
44,2025-05-01,18,0
44,2025-06-01,21,0
44,2025-07-01,14,0
44,2025-08-01,16,0
44,2025-09-01,12,0
44,2025-10-01,8,0
44,2025-11-01,8,0
44,2025-12-01,7,0
45,2024-02-01,15,0
45,2024-03-01,20,0
45,2024-04-01,11,0
45,2024-05-01,7,0
46,2024-02-01,7,0
46,2024-03-01,10,0
46,2024-04-01,7,0
47,2024-02-01,8,1
47,2024-03-01,6,0
47,2024-04-01,8,0
47,2024-05-01,1,1
48,2024-02-01,21,1
48,2024-03-01,19,0
48,2024-04-01,16,0
48,2024-05-01,16,1
48,2024-06-01,18,0
48,2024-07-01,22,0
48,2024-08-01,18,0
48,2024-09-01,21,0
48,2024-10-01,18,0
48,2024-11-01,17,0
48,2024-12-01,25,0
48,2025-01-01,17,0
48,2025-02-01,18,0
48,2025-03-01,13,0
48,2025-04-01,18,0
48,2025-05-01,15,0
48,2025-06-01,15,2
48,2025-07-01,17,1
48,2025-08-01,16,1
48,2025-09-01,16,0
48,2025-10-01,10,1
48,2025-11-01,10,0
48,2025-12-01,3,1
49,2024-02-01,36,0
49,2024-03-01,38,0
49,2024-04-01,44,0
49,2024-05-01,51,0
49,2024-06-01,46,0
49,2024-07-01,45,0
49,2024-08-01,38,0
49,2024-09-01,35,1
49,2024-10-01,50,0
49,2024-11-01,52,0
49,2024-12-01,59,1
49,2025-01-01,46,0
49,2025-02-01,51,0
49,2025-03-01,53,0
49,2025-04-01,42,0
49,2025-05-01,56,0
49,2025-06-01,53,0
49,2025-07-01,41,0
49,2025-08-01,32,0
49,2025-09-01,42,0
49,2025-10-01,41,0
49,2025-11-01,47,2
49,2025-12-01,35,0
50,2024-02-01,15,0
50,2024-03-01,5,1
50,2024-04-01,10,0
50,2024-05-01,13,2
50,2024-06-01,19,1
50,2024-07-01,15,0
50,2024-08-01,22,0
50,2024-09-01,8,1
50,2024-10-01,14,0
50,2024-11-01,21,0
50,2024-12-01,13,0
50,2025-01-01,11,2
50,2025-02-01,11,0
50,2025-03-01,4,0
51,2024-03-01,49,0
51,2024-04-01,47,0
51,2024-05-01,43,0
51,2024-06-01,47,0
51,2024-07-01,53,0
51,2024-08-01,53,2
51,2024-09-01,44,0
51,2024-10-01,42,0
51,2024-11-01,61,0
51,2024-12-01,49,1
51,2025-01-01,43,0
51,2025-02-01,55,1
51,2025-03-01,55,0
51,2025-04-01,43,0
51,2025-05-01,42,0
51,2025-06-01,55,0
51,2025-07-01,40,0
51,2025-08-01,59,0
51,2025-09-01,53,0
51,2025-10-01,45,0
51,2025-11-01,40,0
51,2025-12-01,44,1
52,2024-03-01,80,0
52,2024-04-01,78,0
52,2024-05-01,76,0
52,2024-06-01,63,0
52,2024-07-01,80,0
52,2024-08-01,66,1
52,2024-09-01,67,1
52,2024-10-01,88,0
52,2024-11-01,82,0
52,2024-12-01,60,2
52,2025-01-01,69,0
52,2025-02-01,62,0
52,2025-03-01,78,0
52,2025-04-01,67,1
52,2025-05-01,82,1
52,2025-06-01,88,0
52,2025-07-01,76,1
52,2025-08-01,60,0
52,2025-09-01,78,0
52,2025-10-01,79,0
52,2025-11-01,62,0
52,2025-12-01,86,0
53,2024-03-01,11,2
53,2024-04-01,9,0
53,2024-05-01,13,0
53,2024-06-01,13,1
53,2024-07-01,12,0
53,2024-08-01,15,0
53,2024-09-01,7,0
53,2024-10-01,10,0
53,2024-11-01,18,1
53,2024-12-01,8,1
53,2025-01-01,7,0
53,2025-02-01,7,0
53,2025-03-01,12,0
53,2025-04-01,14,0
53,2025-05-01,11,0
53,2025-06-01,6,0
53,2025-07-01,5,4
54,2024-03-01,23,1
54,2024-04-01,24,0
54,2024-05-01,14,0
54,2024-06-01,24,1
54,2024-07-01,24,0
54,2024-08-01,21,0
54,2024-09-01,21,0
54,2024-10-01,19,0
54,2024-11-01,31,0
54,2024-12-01,20,0
54,2025-01-01,24,1
54,2025-02-01,28,0
54,2025-03-01,15,1
54,2025-04-01,11,1
54,2025-05-01,2,1
55,2024-03-01,7,0
55,2024-04-01,11,1
55,2024-05-01,4,0
55,2024-06-01,2,1
56,2024-03-01,12,1
56,2024-04-01,9,0
57,2024-03-01,37,0
57,2024-04-01,31,0
57,2024-05-01,45,0
57,2024-06-01,36,0
57,2024-07-01,36,0
57,2024-08-01,38,0
57,2024-09-01,30,0
57,2024-10-01,33,0
57,2024-11-01,35,0
57,2024-12-01,36,1
57,2025-01-01,33,0
57,2025-02-01,40,0
57,2025-03-01,28,1
57,2025-04-01,32,2
57,2025-05-01,31,0
57,2025-06-01,33,0
57,2025-07-01,34,0
57,2025-08-01,28,1
57,2025-09-01,27,0
57,2025-10-01,37,1
57,2025-11-01,36,0
57,2025-12-01,40,0
58,2024-03-01,21,0
58,2024-04-01,16,0
58,2024-05-01,27,0
58,2024-06-01,18,0
58,2024-07-01,24,0
58,2024-08-01,20,0
58,2024-09-01,13,0
58,2024-10-01,21,2
58,2024-11-01,19,0
58,2024-12-01,31,0
58,2025-01-01,18,0
58,2025-02-01,12,0
58,2025-03-01,25,1
58,2025-04-01,24,1
58,2025-05-01,24,0
58,2025-06-01,16,0
58,2025-07-01,21,0
58,2025-08-01,20,0
58,2025-09-01,17,0
58,2025-10-01,28,0
58,2025-11-01,18,0
58,2025-12-01,14,0
59,2024-03-01,30,0
60,2024-03-01,36,0
60,2024-04-01,46,0
60,2024-05-01,42,0
60,2024-06-01,36,0
60,2024-07-01,29,0
60,2024-08-01,17,1
60,2024-09-01,13,0
61,2024-03-01,14,0
61,2024-04-01,15,0
61,2024-05-01,8,0
61,2024-06-01,11,1
61,2024-07-01,16,0
61,2024-08-01,15,0
61,2024-09-01,6,0
61,2024-10-01,10,0
61,2024-11-01,12,1
61,2024-12-01,12,0
61,2025-01-01,10,0
61,2025-02-01,14,1
61,2025-03-01,11,0
61,2025-04-01,11,1
61,2025-05-01,12,0
61,2025-06-01,10,0
61,2025-07-01,13,0
61,2025-08-01,16,0
61,2025-09-01,11,0
61,2025-10-01,14,0
61,2025-11-01,12,0
61,2025-12-01,14,0
62,2024-03-01,11,0
62,2024-04-01,9,0
62,2024-05-01,9,0
62,2024-06-01,12,0
62,2024-07-01,20,0
62,2024-08-01,10,0
62,2024-09-01,5,0
62,2024-10-01,6,1
63,2024-03-01,25,0
63,2024-04-01,21,0
63,2024-05-01,17,0
63,2024-06-01,16,1
63,2024-07-01,23,0
63,2024-08-01,15,1
63,2024-09-01,13,1
63,2024-10-01,4,0
64,2024-03-01,3,0
64,2024-04-01,6,0
64,2024-05-01,4,0
64,2024-06-01,4,0
64,2024-07-01,9,2
64,2024-08-01,7,0
64,2024-09-01,8,0
64,2024-10-01,6,0
64,2024-11-01,7,0
64,2024-12-01,6,0
64,2025-01-01,4,0
64,2025-02-01,4,1
64,2025-03-01,1,0
65,2024-03-01,32,0
65,2024-04-01,28,0
65,2024-05-01,32,0
65,2024-06-01,27,0
65,2024-07-01,16,1
65,2024-08-01,35,1
65,2024-09-01,14,1
65,2024-10-01,11,2
65,2024-11-01,5,1
66,2024-03-01,24,0
66,2024-04-01,24,0
66,2024-05-01,29,1
66,2024-06-01,21,0
66,2024-07-01,27,1
66,2024-08-01,41,0
66,2024-09-01,34,0
66,2024-10-01,30,1
66,2024-11-01,18,0
66,2024-12-01,22,0
66,2025-01-01,24,0
66,2025-02-01,33,0
66,2025-03-01,22,1
66,2025-04-01,29,0
66,2025-05-01,34,2
66,2025-06-01,32,0
66,2025-07-01,36,0
66,2025-08-01,27,0
66,2025-09-01,35,1
67,2024-03-01,11,0
67,2024-04-01,15,0
67,2024-05-01,15,0
67,2024-06-01,14,0
67,2024-07-01,13,0
67,2024-08-01,15,1
67,2024-09-01,15,0
67,2024-10-01,18,0
67,2024-11-01,16,0
67,2024-12-01,12,1
67,2025-01-01,4,0
67,2025-02-01,1,0
68,2024-03-01,23,0
68,2024-04-01,16,0
68,2024-05-01,27,0
68,2024-06-01,26,1
68,2024-07-01,18,1
68,2024-08-01,23,1
68,2024-09-01,24,0
68,2024-10-01,25,0
68,2024-11-01,28,2
68,2024-12-01,28,0
68,2025-01-01,39,0
68,2025-02-01,22,0
68,2025-03-01,27,0
68,2025-04-01,23,0
68,2025-05-01,19,0
68,2025-06-01,36,0
68,2025-07-01,24,1
68,2025-08-01,24,0
68,2025-09-01,29,1
68,2025-10-01,41,0
68,2025-11-01,29,0
68,2025-12-01,29,0
69,2024-03-01,62,1
69,2024-04-01,55,0
69,2024-05-01,51,0
69,2024-06-01,65,0
69,2024-07-01,76,0
69,2024-08-01,62,0
69,2024-09-01,55,0
69,2024-10-01,56,0
69,2024-11-01,60,0
69,2024-12-01,77,0
69,2025-01-01,70,0
69,2025-02-01,64,0
69,2025-03-01,62,1
69,2025-04-01,52,0
69,2025-05-01,49,0
69,2025-06-01,58,2
69,2025-07-01,75,0
69,2025-08-01,71,0
69,2025-09-01,73,0
69,2025-10-01,62,1
69,2025-11-01,51,0
69,2025-12-01,74,0
70,2024-03-01,32,1
70,2024-04-01,41,1
70,2024-05-01,35,0
70,2024-06-01,28,1
70,2024-07-01,24,1
70,2024-08-01,27,0
70,2024-09-01,26,1
70,2024-10-01,32,0
70,2024-11-01,32,0
70,2024-12-01,23,0
70,2025-01-01,25,3
70,2025-02-01,10,1
70,2025-03-01,7,1
71,2024-03-01,14,0
71,2024-04-01,11,1
71,2024-05-01,13,0
71,2024-06-01,11,0
71,2024-07-01,13,1
71,2024-08-01,16,1
71,2024-09-01,14,0
71,2024-10-01,5,1
71,2024-11-01,15,0
71,2024-12-01,14,0
71,2025-01-01,12,0
71,2025-02-01,10,0
71,2025-03-01,19,0
71,2025-04-01,21,1
71,2025-05-01,11,0
71,2025-06-01,16,0
71,2025-07-01,7,0
71,2025-08-01,13,0
71,2025-09-01,11,0
71,2025-10-01,11,0
71,2025-11-01,6,0
71,2025-12-01,12,1
72,2024-03-01,34,1
72,2024-04-01,31,0
72,2024-05-01,31,0
72,2024-06-01,40,1
72,2024-07-01,35,0
72,2024-08-01,33,0
72,2024-09-01,36,0
72,2024-10-01,36,0
72,2024-11-01,36,0
72,2024-12-01,34,0
72,2025-01-01,31,0
72,2025-02-01,33,0
72,2025-03-01,26,0
72,2025-04-01,35,0
72,2025-05-01,40,1
72,2025-06-01,29,0
72,2025-07-01,32,0
72,2025-08-01,32,0
72,2025-09-01,36,1
72,2025-10-01,35,0
72,2025-11-01,31,0
72,2025-12-01,24,0
73,2024-03-01,20,0
73,2024-04-01,10,1
73,2024-05-01,15,0
73,2024-06-01,9,0
73,2024-07-01,18,0
73,2024-08-01,16,0
73,2024-09-01,13,0
73,2024-10-01,9,0
73,2024-11-01,11,1
73,2024-12-01,11,0
73,2025-01-01,9,1
73,2025-02-01,14,0
73,2025-03-01,12,0
73,2025-04-01,18,0
73,2025-05-01,16,1
73,2025-06-01,20,0
73,2025-07-01,14,0
73,2025-08-01,9,1
73,2025-09-01,14,0
73,2025-10-01,12,1
73,2025-11-01,19,1
73,2025-12-01,14,0
74,2024-03-01,39,0
74,2024-04-01,38,0
74,2024-05-01,31,0
74,2024-06-01,41,0
74,2024-07-01,34,0
74,2024-08-01,34,0
74,2024-09-01,35,0
74,2024-10-01,37,0
74,2024-11-01,28,0
74,2024-12-01,35,0
74,2025-01-01,29,1
74,2025-02-01,31,0
74,2025-03-01,26,1
74,2025-04-01,26,0
74,2025-05-01,39,0
74,2025-06-01,37,0
74,2025-07-01,30,0
74,2025-08-01,31,0
74,2025-09-01,39,0
74,2025-10-01,33,1
74,2025-11-01,44,0
74,2025-12-01,43,0
75,2024-03-01,14,1
75,2024-04-01,7,1
75,2024-05-01,2,0
76,2024-03-01,47,1
76,2024-04-01,33,0
76,2024-05-01,30,0
76,2024-06-01,34,0
76,2024-07-01,30,0
76,2024-08-01,31,0
76,2024-09-01,35,0
76,2024-10-01,29,0
76,2024-11-01,31,1
76,2024-12-01,29,0
76,2025-01-01,38,1
76,2025-02-01,36,0
76,2025-03-01,31,0
76,2025-04-01,30,1
76,2025-05-01,26,0
76,2025-06-01,37,1
76,2025-07-01,23,1
76,2025-08-01,32,0
76,2025-09-01,30,0
76,2025-10-01,32,0
76,2025-11-01,30,0
76,2025-12-01,28,1
77,2024-03-01,12,0
77,2024-04-01,7,0
78,2024-03-01,10,1
78,2024-04-01,12,1
78,2024-05-01,9,0
78,2024-06-01,5,0
78,2024-07-01,6,0
78,2024-08-01,1,2
79,2024-03-01,16,1
79,2024-04-01,22,0
79,2024-05-01,6,2
80,2024-03-01,6,0
80,2024-04-01,6,0
80,2024-05-01,2,1
80,2024-06-01,1,1
81,2024-03-01,52,0
81,2024-04-01,49,0
81,2024-05-01,47,0
81,2024-06-01,32,1
81,2024-07-01,45,0
81,2024-08-01,41,1
81,2024-09-01,48,0
81,2024-10-01,40,0
81,2024-11-01,45,0
81,2024-12-01,44,1
81,2025-01-01,45,0
81,2025-02-01,46,1
81,2025-03-01,47,1
81,2025-04-01,41,0
81,2025-05-01,49,0
81,2025-06-01,37,0
81,2025-07-01,38,0
81,2025-08-01,41,0
81,2025-09-01,45,0
81,2025-10-01,40,1
81,2025-11-01,51,0
81,2025-12-01,48,0
82,2024-03-01,24,0
82,2024-04-01,28,1
82,2024-05-01,27,1
82,2024-06-01,23,0
82,2024-07-01,34,0
82,2024-08-01,29,0
82,2024-09-01,21,0
82,2024-10-01,18,0
82,2024-11-01,23,1
82,2024-12-01,21,0
82,2025-01-01,18,1
82,2025-02-01,15,0
82,2025-03-01,6,0
83,2024-03-01,24,0
83,2024-04-01,25,1
83,2024-05-01,27,0
83,2024-06-01,31,0
83,2024-07-01,37,0
83,2024-08-01,27,0
83,2024-09-01,27,0
83,2024-10-01,26,0
83,2024-11-01,30,0
83,2024-12-01,31,0
83,2025-01-01,36,0
83,2025-02-01,28,0
83,2025-03-01,27,1
83,2025-04-01,23,0
83,2025-05-01,28,0
83,2025-06-01,34,0
83,2025-07-01,20,1
83,2025-08-01,30,0
83,2025-09-01,26,0
83,2025-10-01,28,0
83,2025-11-01,27,0
83,2025-12-01,26,0
84,2024-03-01,74,0
84,2024-04-01,48,0
84,2024-05-01,56,0
84,2024-06-01,60,0
84,2024-07-01,59,0
84,2024-08-01,57,2
84,2024-09-01,65,1
84,2024-10-01,51,1
84,2024-11-01,69,1
84,2024-12-01,59,0
84,2025-01-01,60,0
84,2025-02-01,47,0
84,2025-03-01,63,0
84,2025-04-01,53,0
84,2025-05-01,57,1
84,2025-06-01,65,0
84,2025-07-01,49,0
84,2025-08-01,60,0
84,2025-09-01,53,0
84,2025-10-01,60,0
84,2025-11-01,58,0
84,2025-12-01,54,0
85,2024-03-01,7,0
85,2024-04-01,18,0
85,2024-05-01,4,0
85,2024-06-01,9,0
85,2024-07-01,4,0
85,2024-08-01,7,0
85,2024-09-01,7,0
85,2024-10-01,9,0
85,2024-11-01,9,1
85,2024-12-01,11,2
85,2025-01-01,11,0
85,2025-02-01,13,0
85,2025-03-01,9,2
85,2025-04-01,8,1
85,2025-05-01,9,0
85,2025-06-01,8,1
85,2025-07-01,11,0
85,2025-08-01,11,0
85,2025-09-01,8,0
85,2025-10-01,8,1
85,2025-11-01,10,0
85,2025-12-01,8,0
86,2024-03-01,11,0
86,2024-04-01,12,1
86,2024-05-01,17,0
86,2024-06-01,9,0
86,2024-07-01,6,0
86,2024-08-01,8,0
86,2024-09-01,8,0
86,2024-10-01,18,0
86,2024-11-01,11,0
86,2024-12-01,12,1
86,2025-01-01,5,1
86,2025-02-01,10,1
86,2025-03-01,11,0
86,2025-04-01,12,1
86,2025-05-01,7,0
86,2025-06-01,10,0
86,2025-07-01,12,0
86,2025-08-01,10,0
86,2025-09-01,10,1
86,2025-10-01,6,0
86,2025-11-01,4,0
86,2025-12-01,3,3
87,2024-03-01,19,0
87,2024-04-01,15,0
87,2024-05-01,14,1
87,2024-06-01,22,0
87,2024-07-01,27,1
87,2024-08-01,15,0
87,2024-09-01,24,0
87,2024-10-01,18,1
87,2024-11-01,33,0
87,2024-12-01,24,0
87,2025-01-01,12,0
87,2025-02-01,17,1
87,2025-03-01,20,0
87,2025-04-01,23,0
87,2025-05-01,20,0
87,2025-06-01,20,0
87,2025-07-01,19,0
87,2025-08-01,19,1
87,2025-09-01,22,0
87,2025-10-01,20,0
87,2025-11-01,21,0
87,2025-12-01,17,1
88,2024-03-01,14,0
88,2024-04-01,18,0
88,2024-05-01,19,0
88,2024-06-01,16,0
88,2024-07-01,24,0
88,2024-08-01,21,0
88,2024-09-01,16,0
88,2024-10-01,30,0
88,2024-11-01,24,0
88,2024-12-01,17,0
88,2025-01-01,15,0
88,2025-02-01,18,0
88,2025-03-01,26,0
88,2025-04-01,31,0
88,2025-05-01,22,0
88,2025-06-01,28,1
88,2025-07-01,21,1
88,2025-08-01,23,0
88,2025-09-01,19,0
88,2025-10-01,28,0
88,2025-11-01,28,0
88,2025-12-01,15,0
89,2024-03-01,3,0
89,2024-04-01,15,2
89,2024-05-01,12,0
89,2024-06-01,20,0
89,2024-07-01,10,0
89,2024-08-01,18,0
89,2024-09-01,12,0
89,2024-10-01,12,0
89,2024-11-01,9,0
89,2024-12-01,3,2
90,2024-03-01,26,0
90,2024-04-01,12,0
90,2024-05-01,15,0
90,2024-06-01,17,0
90,2024-07-01,14,1
90,2024-08-01,20,0
90,2024-09-01,11,3
90,2024-10-01,12,0
90,2024-11-01,8,0
90,2024-12-01,17,1
90,2025-01-01,16,0
90,2025-02-01,17,0
90,2025-03-01,21,1
90,2025-04-01,18,2
90,2025-05-01,21,1
90,2025-06-01,16,0
90,2025-07-01,17,0
90,2025-08-01,19,1
90,2025-09-01,18,0
90,2025-10-01,10,0
90,2025-11-01,9,0
90,2025-12-01,4,1
91,2024-04-01,24,0
91,2024-05-01,37,0
91,2024-06-01,24,0
91,2024-07-01,32,0
91,2024-08-01,32,0
91,2024-09-01,27,0
91,2024-10-01,27,0
91,2024-11-01,36,0
91,2024-12-01,37,0
91,2025-01-01,28,0
91,2025-02-01,35,0
91,2025-03-01,39,0
91,2025-04-01,32,0
91,2025-05-01,39,0
91,2025-06-01,23,1
91,2025-07-01,24,1
91,2025-08-01,25,0
91,2025-09-01,38,0
91,2025-10-01,32,0
91,2025-11-01,30,0
91,2025-12-01,34,1
92,2024-04-01,9,0
92,2024-05-01,16,0
92,2024-06-01,16,1
92,2024-07-01,12,0
92,2024-08-01,17,3
92,2024-09-01,8,0
92,2024-10-01,5,0
92,2024-11-01,12,0
92,2024-12-01,12,0
92,2025-01-01,12,0
92,2025-02-01,8,1
92,2025-03-01,13,1
92,2025-04-01,13,0
92,2025-05-01,9,0
92,2025-06-01,10,0
92,2025-07-01,8,0
92,2025-08-01,7,0
92,2025-09-01,9,0
92,2025-10-01,14,0
92,2025-11-01,8,0
92,2025-12-01,12,0
93,2024-04-01,23,1
93,2024-05-01,16,0
93,2024-06-01,23,0
93,2024-07-01,23,0
93,2024-08-01,11,0
93,2024-09-01,16,1
93,2024-10-01,12,2
93,2024-11-01,7,0
94,2024-04-01,22,1
94,2024-05-01,21,0
94,2024-06-01,15,0
94,2024-07-01,20,1
94,2024-08-01,24,0
94,2024-09-01,20,0
94,2024-10-01,29,0
94,2024-11-01,21,0
94,2024-12-01,17,0
94,2025-01-01,27,0
94,2025-02-01,18,0
94,2025-03-01,16,0
94,2025-04-01,22,0
94,2025-05-01,21,0
94,2025-06-01,25,0
94,2025-07-01,19,0
94,2025-08-01,18,0
94,2025-09-01,11,1
94,2025-10-01,33,0
94,2025-11-01,20,0
94,2025-12-01,11,0
95,2024-04-01,42,0
95,2024-05-01,30,0
95,2024-06-01,35,0
95,2024-07-01,36,0
95,2024-08-01,28,0
95,2024-09-01,21,1
95,2024-10-01,32,0
95,2024-11-01,33,0
95,2024-12-01,39,0
95,2025-01-01,29,0
95,2025-02-01,34,0
95,2025-03-01,34,1
95,2025-04-01,39,0
95,2025-05-01,47,0
95,2025-06-01,25,0
95,2025-07-01,26,0
95,2025-08-01,25,0
95,2025-09-01,32,1
95,2025-10-01,35,0
95,2025-11-01,31,0
95,2025-12-01,33,0
96,2024-04-01,44,0
96,2024-05-01,55,0
96,2024-06-01,36,0
96,2024-07-01,58,0
96,2024-08-01,37,0
96,2024-09-01,43,1
96,2024-10-01,41,0
96,2024-11-01,39,0
96,2024-12-01,53,0
96,2025-01-01,37,0
96,2025-02-01,44,0
96,2025-03-01,40,2
96,2025-04-01,48,0
96,2025-05-01,42,0
96,2025-06-01,46,0
96,2025-07-01,33,0
96,2025-08-01,30,0
96,2025-09-01,12,1
97,2024-04-01,5,0
97,2024-05-01,5,0
97,2024-06-01,1,0
97,2024-07-01,3,1
98,2024-04-01,21,1
98,2024-05-01,17,1
98,2024-06-01,12,0
98,2024-07-01,19,0
98,2024-08-01,12,0
98,2024-09-01,19,0
98,2024-10-01,16,0
98,2024-11-01,12,0
98,2024-12-01,17,0
98,2025-01-01,14,0
98,2025-02-01,15,0
98,2025-03-01,18,0
98,2025-04-01,11,1
98,2025-05-01,16,0
98,2025-06-01,22,0
98,2025-07-01,13,0
98,2025-08-01,14,1
98,2025-09-01,11,0
98,2025-10-01,13,1
98,2025-11-01,23,1
98,2025-12-01,14,0
99,2024-04-01,25,0
99,2024-05-01,16,1
99,2024-06-01,21,0
99,2024-07-01,9,2
99,2024-08-01,8,1
100,2024-04-01,53,0
100,2024-05-01,33,0
100,2024-06-01,49,0
100,2024-07-01,50,0
100,2024-08-01,43,0
100,2024-09-01,35,0
100,2024-10-01,41,0
100,2024-11-01,44,0
100,2024-12-01,44,1
100,2025-01-01,52,0
100,2025-02-01,50,0
100,2025-03-01,48,0
100,2025-04-01,41,1
100,2025-05-01,51,0
100,2025-06-01,39,0
100,2025-07-01,50,0
100,2025-08-01,53,0
100,2025-09-01,37,0
100,2025-10-01,21,0
100,2025-11-01,55,0
100,2025-12-01,47,0
101,2024-04-01,8,0
101,2024-05-01,14,0
101,2024-06-01,5,0
101,2024-07-01,10,0
101,2024-08-01,7,1
101,2024-09-01,13,1
101,2024-10-01,10,2
101,2024-11-01,9,0
101,2024-12-01,13,0
101,2025-01-01,8,0
101,2025-02-01,10,0
101,2025-03-01,5,1
101,2025-04-01,1,1
102,2024-04-01,38,0
102,2024-05-01,43,0
102,2024-06-01,12,0
102,2024-07-01,12,0
103,2024-04-01,8,0
103,2024-05-01,5,0
103,2024-06-01,12,1
103,2024-07-01,10,0
103,2024-08-01,8,0
103,2024-09-01,6,2
103,2024-10-01,1,2
104,2024-04-01,26,0
104,2024-05-01,17,0
104,2024-06-01,22,0
104,2024-07-01,18,0
105,2024-04-01,28,0
105,2024-05-01,26,0
105,2024-06-01,26,1
105,2024-07-01,20,0
105,2024-08-01,23,1
105,2024-09-01,36,0
105,2024-10-01,33,0
105,2024-11-01,28,0
105,2024-12-01,17,0
105,2025-01-01,27,0
105,2025-02-01,26,0
105,2025-03-01,9,1
105,2025-04-01,15,1
106,2024-04-01,14,1
106,2024-05-01,19,0
106,2024-06-01,21,0
106,2024-07-01,23,0
106,2024-08-01,17,0
106,2024-09-01,15,0
106,2024-10-01,16,0
106,2024-11-01,18,0
106,2024-12-01,10,2
106,2025-01-01,17,0
106,2025-02-01,19,0
106,2025-03-01,16,0
106,2025-04-01,10,0
106,2025-05-01,22,1
106,2025-06-01,15,0
106,2025-07-01,9,0
106,2025-08-01,19,0
106,2025-09-01,25,0
106,2025-10-01,17,0
106,2025-11-01,15,0
106,2025-12-01,23,1
107,2024-04-01,20,0
107,2024-05-01,22,1
107,2024-06-01,13,0
107,2024-07-01,19,0
107,2024-08-01,20,0
107,2024-09-01,17,1
107,2024-10-01,24,0
107,2024-11-01,19,0
107,2024-12-01,25,0
107,2025-01-01,16,1
107,2025-02-01,26,0
107,2025-03-01,19,0
107,2025-04-01,22,0
107,2025-05-01,22,0
107,2025-06-01,21,1
107,2025-07-01,19,0
107,2025-08-01,20,0
107,2025-09-01,22,0
107,2025-10-01,23,0
107,2025-11-01,23,1
107,2025-12-01,17,0
108,2024-04-01,43,0
108,2024-05-01,36,0
108,2024-06-01,39,0
108,2024-07-01,33,0
108,2024-08-01,48,0
108,2024-09-01,36,0
108,2024-10-01,29,0
108,2024-11-01,43,1
108,2024-12-01,23,1
108,2025-01-01,37,1
108,2025-02-01,49,0
108,2025-03-01,43,0
108,2025-04-01,36,0
108,2025-05-01,37,1
108,2025-06-01,45,0
108,2025-07-01,41,1
108,2025-08-01,43,0
108,2025-09-01,44,1
108,2025-10-01,44,0
108,2025-11-01,42,0
108,2025-12-01,31,0
109,2024-04-01,11,1
109,2024-05-01,13,0
109,2024-06-01,9,0
109,2024-07-01,17,1
109,2024-08-01,13,0
109,2024-09-01,15,1
109,2024-10-01,9,0
109,2024-11-01,19,0
109,2024-12-01,10,0
109,2025-01-01,20,1
109,2025-02-01,19,1
109,2025-03-01,24,0
109,2025-04-01,20,0
109,2025-05-01,13,0
109,2025-06-01,16,0
109,2025-07-01,13,0
109,2025-08-01,12,1
109,2025-09-01,19,0
109,2025-10-01,14,0
109,2025-11-01,16,0
109,2025-12-01,17,0
110,2024-04-01,26,2
110,2024-05-01,19,0
110,2024-06-01,25,0
110,2024-07-01,24,0
110,2024-08-01,23,1
110,2024-09-01,26,0
110,2024-10-01,23,0
110,2024-11-01,24,0
110,2024-12-01,31,0
110,2025-01-01,20,0
110,2025-02-01,28,1
110,2025-03-01,22,0
110,2025-04-01,25,1
110,2025-05-01,21,0
110,2025-06-01,18,0
110,2025-07-01,18,1
110,2025-08-01,27,1
110,2025-09-01,21,0
110,2025-10-01,25,1
110,2025-11-01,15,0
110,2025-12-01,26,0
111,2024-04-01,17,0
111,2024-05-01,11,1
111,2024-06-01,19,0
111,2024-07-01,7,0
111,2024-08-01,15,0
111,2024-09-01,16,0
111,2024-10-01,19,1
111,2024-11-01,11,0
111,2024-12-01,10,0
111,2025-01-01,4,0
111,2025-02-01,1,0
112,2024-04-01,17,1
112,2024-05-01,19,0
112,2024-06-01,23,1
112,2024-07-01,20,1
112,2024-08-01,17,0
112,2024-09-01,16,0
112,2024-10-01,22,0
112,2024-11-01,21,0
112,2024-12-01,17,1
112,2025-01-01,21,1
112,2025-02-01,9,0
112,2025-03-01,15,2
112,2025-04-01,10,1
112,2025-05-01,8,1
113,2024-04-01,19,0
113,2024-05-01,20,1
113,2024-06-01,11,0
113,2024-07-01,22,0
113,2024-08-01,21,0
113,2024-09-01,16,0
113,2024-10-01,15,0
113,2024-11-01,21,0
113,2024-12-01,15,0
113,2025-01-01,24,0
113,2025-02-01,24,0
113,2025-03-01,14,0
113,2025-04-01,18,0
113,2025-05-01,7,0
113,2025-06-01,4,1
114,2024-04-01,14,0
114,2024-05-01,16,2
114,2024-06-01,13,2
114,2024-07-01,14,0
114,2024-08-01,10,0
114,2024-09-01,19,0
114,2024-10-01,28,0
114,2024-11-01,13,1
114,2024-12-01,16,0
114,2025-01-01,14,1
114,2025-02-01,9,0
114,2025-03-01,17,0
114,2025-04-01,11,1
114,2025-05-01,21,0
114,2025-06-01,15,1
114,2025-07-01,11,0
114,2025-08-01,9,0
114,2025-09-01,19,0
114,2025-10-01,14,0
114,2025-11-01,12,0
114,2025-12-01,14,0
115,2024-04-01,20,0
115,2024-05-01,24,1
115,2024-06-01,18,0
115,2024-07-01,31,0
115,2024-08-01,17,0
115,2024-09-01,38,0
115,2024-10-01,26,0
115,2024-11-01,25,0
115,2024-12-01,22,0
115,2025-01-01,25,0
115,2025-02-01,27,0
115,2025-03-01,22,0
115,2025-04-01,9,2
115,2025-05-01,7,3
116,2024-04-01,23,0
116,2024-05-01,25,0
116,2024-06-01,15,1
116,2024-07-01,17,1
116,2024-08-01,15,0
116,2024-09-01,20,0
116,2024-10-01,28,0
116,2024-11-01,18,0
116,2024-12-01,31,0
116,2025-01-01,20,0
116,2025-02-01,21,0
116,2025-03-01,18,0
116,2025-04-01,14,0
116,2025-05-01,16,0
116,2025-06-01,20,0
116,2025-07-01,21,0
116,2025-08-01,29,0
116,2025-09-01,19,1
116,2025-10-01,16,1
116,2025-11-01,24,0
116,2025-12-01,20,1
117,2024-04-01,10,2
117,2024-05-01,13,0
117,2024-06-01,14,0
117,2024-07-01,15,1
117,2024-08-01,17,1
117,2024-09-01,25,0
117,2024-10-01,13,0
117,2024-11-01,18,0
117,2024-12-01,22,1
117,2025-01-01,16,0
117,2025-02-01,17,0
117,2025-03-01,3,3
117,2025-04-01,5,1
118,2024-04-01,6,0
118,2024-05-01,16,0
118,2024-06-01,7,0
118,2024-07-01,11,1
118,2024-08-01,6,0
118,2024-09-01,9,1
118,2024-10-01,10,0
118,2024-11-01,12,0
118,2024-12-01,6,0
118,2025-01-01,10,0
118,2025-02-01,9,0
118,2025-03-01,9,0
118,2025-04-01,7,0
118,2025-05-01,12,0
118,2025-06-01,18,0
118,2025-07-01,12,0
118,2025-08-01,6,0
118,2025-09-01,10,1
118,2025-10-01,12,1
118,2025-11-01,12,1
118,2025-12-01,8,0
119,2024-04-01,28,0
119,2024-05-01,15,0
119,2024-06-01,20,0
119,2024-07-01,28,0
119,2024-08-01,20,0
119,2024-09-01,29,0
119,2024-10-01,26,0
119,2024-11-01,23,0
119,2024-12-01,23,0
119,2025-01-01,22,0
119,2025-02-01,23,1
119,2025-03-01,19,0
119,2025-04-01,26,0
119,2025-05-01,23,0
119,2025-06-01,34,1
119,2025-07-01,24,0
119,2025-08-01,28,0
119,2025-09-01,29,0
119,2025-10-01,22,0
119,2025-11-01,20,0
119,2025-12-01,22,0
120,2024-04-01,28,0
120,2024-05-01,19,0
120,2024-06-01,23,1
120,2024-07-01,20,0
120,2024-08-01,26,0
120,2024-09-01,26,0
120,2024-10-01,23,0
120,2024-11-01,27,0
120,2024-12-01,18,0
120,2025-01-01,26,0
120,2025-02-01,17,0
120,2025-03-01,23,0
120,2025-04-01,29,0
120,2025-05-01,29,1
120,2025-06-01,24,0
120,2025-07-01,29,0
120,2025-08-01,21,0
120,2025-09-01,21,1
120,2025-10-01,20,1
120,2025-11-01,16,0
120,2025-12-01,11,2
121,2024-04-01,20,0
121,2024-05-01,16,0
121,2024-06-01,14,1
121,2024-07-01,9,0
121,2024-08-01,12,0
122,2024-04-01,22,0
122,2024-05-01,16,0
122,2024-06-01,19,0
122,2024-07-01,16,0
122,2024-08-01,16,0
122,2024-09-01,16,0
122,2024-10-01,11,0
122,2024-11-01,19,0
122,2024-12-01,17,1
122,2025-01-01,15,0
122,2025-02-01,16,1
122,2025-03-01,15,0
122,2025-04-01,18,0
122,2025-05-01,18,0
122,2025-06-01,21,1
122,2025-07-01,21,0
122,2025-08-01,21,1
123,2024-04-01,35,1
123,2024-05-01,29,0
123,2024-06-01,31,0
123,2024-07-01,33,0
123,2024-08-01,31,1
123,2024-09-01,24,0
123,2024-10-01,39,0
123,2024-11-01,29,0
123,2024-12-01,38,0
123,2025-01-01,16,0
123,2025-02-01,41,0
123,2025-03-01,27,0
123,2025-04-01,30,0
123,2025-05-01,21,0
123,2025-06-01,31,1
123,2025-07-01,31,1
123,2025-08-01,28,1
123,2025-09-01,50,0
123,2025-10-01,24,0
123,2025-11-01,30,0
123,2025-12-01,33,0
124,2024-04-01,25,0
124,2024-05-01,39,0
124,2024-06-01,37,0
124,2024-07-01,36,0
124,2024-08-01,34,1
124,2024-09-01,32,2
124,2024-10-01,19,0
124,2024-11-01,32,1
124,2024-12-01,20,2
124,2025-01-01,33,2
124,2025-02-01,27,0
124,2025-03-01,31,0
124,2025-04-01,31,1
124,2025-05-01,36,1
124,2025-06-01,25,0
124,2025-07-01,35,0
124,2025-08-01,31,0
124,2025-09-01,38,0
124,2025-10-01,34,0
124,2025-11-01,20,0
124,2025-12-01,34,1
125,2024-04-01,7,0
125,2024-05-01,2,1
125,2024-06-01,2,0
125,2024-07-01,2,0
125,2024-08-01,5,0
125,2024-09-01,3,0
125,2024-10-01,4,0
125,2024-11-01,3,2
125,2024-12-01,3,0
125,2025-01-01,2,1
125,2025-02-01,0,0
125,2025-03-01,3,1
125,2025-04-01,4,0
125,2025-05-01,5,0
125,2025-06-01,6,0
125,2025-07-01,3,0
125,2025-08-01,1,0
125,2025-09-01,2,0
125,2025-10-01,14,0
125,2025-11-01,3,0
125,2025-12-01,7,1
126,2024-04-01,8,0
126,2024-05-01,5,0
126,2024-06-01,9,0
126,2024-07-01,4,0
126,2024-08-01,7,0
126,2024-09-01,5,1
126,2024-10-01,5,0
126,2024-11-01,10,0
126,2024-12-01,5,0
126,2025-01-01,0,1
126,2025-02-01,1,2
127,2024-04-01,12,0
127,2024-05-01,9,0
127,2024-06-01,9,0
127,2024-07-01,16,0
127,2024-08-01,12,0
127,2024-09-01,11,1
127,2024-10-01,14,0
127,2024-11-01,13,1
127,2024-12-01,13,0
127,2025-01-01,16,0
127,2025-02-01,12,0
127,2025-03-01,10,0
127,2025-04-01,10,0
127,2025-05-01,11,0
127,2025-06-01,8,0
127,2025-07-01,8,0
127,2025-08-01,8,0
127,2025-09-01,13,0
127,2025-10-01,5,0
127,2025-11-01,17,0
127,2025-12-01,7,0
128,2024-04-01,30,1
128,2024-05-01,34,1
128,2024-06-01,26,1
128,2024-07-01,26,0
128,2024-08-01,38,1
128,2024-09-01,32,0
128,2024-10-01,34,0
128,2024-11-01,26,0
128,2024-12-01,32,0
128,2025-01-01,33,0
128,2025-02-01,25,0
128,2025-03-01,28,0
128,2025-04-01,29,0
128,2025-05-01,31,1
128,2025-06-01,31,0
128,2025-07-01,26,0
128,2025-08-01,34,0
128,2025-09-01,28,0
128,2025-10-01,21,1
128,2025-11-01,15,1
128,2025-12-01,6,3
129,2024-05-01,18,1
129,2024-06-01,20,0
129,2024-07-01,10,0
129,2024-08-01,21,0
129,2024-09-01,15,0
129,2024-10-01,10,0
129,2024-11-01,18,0
129,2024-12-01,9,0
129,2025-01-01,13,0
129,2025-02-01,14,1
129,2025-03-01,13,0
129,2025-04-01,10,0
129,2025-05-01,11,1
129,2025-06-01,7,0
129,2025-07-01,5,1
130,2024-05-01,4,5
131,2024-05-01,34,0
131,2024-06-01,31,0
131,2024-07-01,23,1
131,2024-08-01,31,0
131,2024-09-01,33,0
131,2024-10-01,31,1
131,2024-11-01,37,1
131,2024-12-01,32,0
131,2025-01-01,33,0
131,2025-02-01,26,0
131,2025-03-01,32,1
131,2025-04-01,27,1
131,2025-05-01,35,0
131,2025-06-01,40,0
131,2025-07-01,27,0
131,2025-08-01,35,0
131,2025-09-01,33,0
131,2025-10-01,24,0
131,2025-11-01,26,0
131,2025-12-01,19,0
132,2024-05-01,7,0
132,2024-06-01,5,0
132,2024-07-01,9,2
132,2024-08-01,4,0
133,2024-05-01,27,0
133,2024-06-01,19,1
133,2024-07-01,14,1
133,2024-08-01,26,0
133,2024-09-01,16,0
133,2024-10-01,22,0
133,2024-11-01,22,1
133,2024-12-01,21,0
133,2025-01-01,22,0
133,2025-02-01,23,0
133,2025-03-01,34,0
133,2025-04-01,28,0
133,2025-05-01,22,0
133,2025-06-01,19,0
133,2025-07-01,21,0
133,2025-08-01,18,0
133,2025-09-01,27,0
133,2025-10-01,23,0
133,2025-11-01,24,0
133,2025-12-01,21,0
134,2024-05-01,40,0
134,2024-06-01,48,0
134,2024-07-01,34,0
134,2024-08-01,42,1
134,2024-09-01,41,0
134,2024-10-01,43,0
134,2024-11-01,48,0
134,2024-12-01,47,1
134,2025-01-01,47,0
134,2025-02-01,36,0
134,2025-03-01,49,2
134,2025-04-01,56,2
134,2025-05-01,40,0
134,2025-06-01,26,0
134,2025-07-01,25,0
134,2025-08-01,14,1
135,2024-05-01,13,0
135,2024-06-01,29,0
135,2024-07-01,20,1
135,2024-08-01,12,0
135,2024-09-01,13,0
135,2024-10-01,15,1
136,2024-05-01,2,2
137,2024-05-01,20,1
137,2024-06-01,20,0
137,2024-07-01,17,0
137,2024-08-01,11,0
137,2024-09-01,18,0
137,2024-10-01,17,0
137,2024-11-01,19,0
137,2024-12-01,18,1
137,2025-01-01,12,0
137,2025-02-01,13,0
137,2025-03-01,15,0
137,2025-04-01,21,2
137,2025-05-01,18,0
137,2025-06-01,12,1
137,2025-07-01,14,1
137,2025-08-01,23,0
137,2025-09-01,21,1
137,2025-10-01,11,1
137,2025-11-01,13,0
137,2025-12-01,18,0
138,2024-05-01,27,0
138,2024-06-01,37,0
138,2024-07-01,29,0
138,2024-08-01,34,0
138,2024-09-01,29,0
138,2024-10-01,29,1
138,2024-11-01,33,0
138,2024-12-01,38,0
138,2025-01-01,26,0
138,2025-02-01,31,0
138,2025-03-01,31,0
138,2025-04-01,37,1
138,2025-05-01,35,1
138,2025-06-01,28,0
138,2025-07-01,37,0
138,2025-08-01,31,2
138,2025-09-01,41,1
138,2025-10-01,26,0
138,2025-11-01,33,1
138,2025-12-01,39,0
139,2024-05-01,18,0
139,2024-06-01,25,0
139,2024-07-01,15,1
139,2024-08-01,23,1
139,2024-09-01,28,0
139,2024-10-01,27,0
139,2024-11-01,19,0
139,2024-12-01,23,0
139,2025-01-01,25,0
139,2025-02-01,21,1
139,2025-03-01,29,1
139,2025-04-01,22,0
139,2025-05-01,27,0
139,2025-06-01,24,1
139,2025-07-01,25,0
139,2025-08-01,11,1
139,2025-09-01,6,2
140,2024-05-01,47,1
140,2024-06-01,40,0
140,2024-07-01,43,0
140,2024-08-01,41,0
140,2024-09-01,43,0
140,2024-10-01,36,0
140,2024-11-01,18,2
140,2024-12-01,20,0
141,2024-05-01,14,0
141,2024-06-01,17,0
141,2024-07-01,14,0
141,2024-08-01,7,0
141,2024-09-01,17,0
142,2024-05-01,24,0
142,2024-06-01,26,0
142,2024-07-01,15,0
142,2024-08-01,16,1
142,2024-09-01,27,1
142,2024-10-01,23,0
142,2024-11-01,26,1
142,2024-12-01,26,0
142,2025-01-01,24,0
142,2025-02-01,22,2
142,2025-03-01,27,0
142,2025-04-01,15,0
142,2025-05-01,36,0
142,2025-06-01,16,0
142,2025-07-01,20,0
142,2025-08-01,23,0
142,2025-09-01,16,0
142,2025-10-01,21,0
142,2025-11-01,20,0
142,2025-12-01,23,0
143,2024-05-01,38,0
143,2024-06-01,45,0
143,2024-07-01,49,1
143,2024-08-01,38,0
143,2024-09-01,44,1
143,2024-10-01,33,0
143,2024-11-01,34,0
143,2024-12-01,47,0
143,2025-01-01,39,0
143,2025-02-01,42,2
143,2025-03-01,37,0
143,2025-04-01,42,0
143,2025-05-01,48,0
143,2025-06-01,37,0
143,2025-07-01,54,0
143,2025-08-01,39,1
143,2025-09-01,33,0
143,2025-10-01,47,0
143,2025-11-01,33,0
143,2025-12-01,42,0
144,2024-05-01,19,0
144,2024-06-01,31,1
144,2024-07-01,23,1
144,2024-08-01,18,0
144,2024-09-01,17,0
144,2024-10-01,26,1
144,2024-11-01,21,2
144,2024-12-01,20,1
144,2025-01-01,17,0
144,2025-02-01,21,0
144,2025-03-01,20,0
144,2025-04-01,21,0
144,2025-05-01,29,1
144,2025-06-01,28,1
144,2025-07-01,19,0
144,2025-08-01,25,0
144,2025-09-01,19,0
144,2025-10-01,34,0
144,2025-11-01,13,0
144,2025-12-01,15,0
145,2024-05-01,38,0
145,2024-06-01,30,0
145,2024-07-01,26,0
145,2024-08-01,29,2
145,2024-09-01,34,0
145,2024-10-01,25,0
145,2024-11-01,30,0
145,2024-12-01,24,0
145,2025-01-01,26,1
145,2025-02-01,33,0
145,2025-03-01,36,0
145,2025-04-01,37,1
145,2025-05-01,28,0
145,2025-06-01,33,0
145,2025-07-01,35,0
145,2025-08-01,39,0
145,2025-09-01,30,0
145,2025-10-01,34,0
145,2025-11-01,32,0
145,2025-12-01,38,0
146,2024-05-01,10,1
146,2024-06-01,7,0
146,2024-07-01,10,0
146,2024-08-01,13,0
146,2024-09-01,11,0
146,2024-10-01,9,1
146,2024-11-01,12,1
146,2024-12-01,3,0
146,2025-01-01,12,1
146,2025-02-01,13,0
146,2025-03-01,10,1
146,2025-04-01,7,0
146,2025-05-01,7,0
146,2025-06-01,11,0
146,2025-07-01,11,0
146,2025-08-01,12,0
146,2025-09-01,14,0
146,2025-10-01,9,0
146,2025-11-01,8,0
146,2025-12-01,9,0
147,2024-05-01,14,0
147,2024-06-01,13,1
147,2024-07-01,13,0
147,2024-08-01,21,0
147,2024-09-01,14,0
147,2024-10-01,13,0
147,2024-11-01,14,0
147,2024-12-01,10,0
147,2025-01-01,15,0
147,2025-02-01,16,0
147,2025-03-01,19,0
147,2025-04-01,12,1
147,2025-05-01,9,1
147,2025-06-01,6,2
148,2024-05-01,23,1
148,2024-06-01,25,0
148,2024-07-01,15,0
148,2024-08-01,24,0
148,2024-09-01,18,1
148,2024-10-01,14,0
148,2024-11-01,14,0
148,2024-12-01,26,0
148,2025-01-01,13,0
148,2025-02-01,18,0
148,2025-03-01,19,0
148,2025-04-01,20,1
148,2025-05-01,18,1
148,2025-06-01,18,0
148,2025-07-01,17,0
148,2025-08-01,18,1
148,2025-09-01,18,0
148,2025-10-01,26,0
148,2025-11-01,22,0
148,2025-12-01,18,0
149,2024-05-01,51,0
149,2024-06-01,56,0
149,2024-07-01,70,0
149,2024-08-01,67,0
149,2024-09-01,49,0
149,2024-10-01,69,0
149,2024-11-01,62,1
149,2024-12-01,61,0
149,2025-01-01,76,1
149,2025-02-01,44,0
149,2025-03-01,56,1
149,2025-04-01,53,0
149,2025-05-01,70,0
149,2025-06-01,75,0
149,2025-07-01,57,0
149,2025-08-01,52,0
149,2025-09-01,47,1
149,2025-10-01,52,0
149,2025-11-01,57,0
149,2025-12-01,61,0
150,2024-05-01,10,0
150,2024-06-01,2,0
150,2024-07-01,4,0
150,2024-08-01,3,0
150,2024-09-01,9,0
150,2024-10-01,8,0
150,2024-11-01,3,1
150,2024-12-01,1,0
150,2025-01-01,2,2
151,2024-05-01,19,0
151,2024-06-01,25,0
151,2024-07-01,20,0
151,2024-08-01,21,0
151,2024-09-01,21,0
151,2024-10-01,24,0
151,2024-11-01,26,0
151,2024-12-01,31,0
151,2025-01-01,22,0
151,2025-02-01,20,0
151,2025-03-01,15,0
151,2025-04-01,22,1
151,2025-05-01,14,0
151,2025-06-01,24,0
151,2025-07-01,19,0
151,2025-08-01,14,0
151,2025-09-01,14,0
151,2025-10-01,26,1
151,2025-11-01,24,0
151,2025-12-01,18,0
152,2024-05-01,19,0
152,2024-06-01,19,0
152,2024-07-01,25,0
152,2024-08-01,18,0
152,2024-09-01,21,0
152,2024-10-01,25,0
152,2024-11-01,11,0
152,2024-12-01,29,0
152,2025-01-01,8,0
152,2025-02-01,29,0
152,2025-03-01,28,0
152,2025-04-01,24,0
152,2025-05-01,28,0
152,2025-06-01,29,0
152,2025-07-01,22,0
152,2025-08-01,19,0
152,2025-09-01,36,0
152,2025-10-01,22,0
152,2025-11-01,26,0
152,2025-12-01,19,0
153,2024-05-01,49,0
153,2024-06-01,36,1
153,2024-07-01,53,0
153,2024-08-01,47,0
153,2024-09-01,31,1
153,2024-10-01,49,0
153,2024-11-01,31,0
154,2024-05-01,33,0
154,2024-06-01,17,0
154,2024-07-01,26,0
154,2024-08-01,22,1
154,2024-09-01,33,0
154,2024-10-01,33,0
154,2024-11-01,29,0
154,2024-12-01,30,0
154,2025-01-01,26,1
154,2025-02-01,27,0
154,2025-03-01,30,1
154,2025-04-01,30,0
154,2025-05-01,27,0
154,2025-06-01,35,1
154,2025-07-01,26,2
154,2025-08-01,30,0
154,2025-09-01,17,1
154,2025-10-01,33,0
154,2025-11-01,22,0
154,2025-12-01,26,0
155,2024-05-01,40,0
155,2024-06-01,26,0
155,2024-07-01,29,0
155,2024-08-01,24,0
155,2024-09-01,31,0
155,2024-10-01,22,0
155,2024-11-01,30,0
155,2024-12-01,34,1
155,2025-01-01,27,0
155,2025-02-01,20,1
155,2025-03-01,26,3
155,2025-04-01,32,1
155,2025-05-01,18,1
155,2025-06-01,20,2
155,2025-07-01,10,1
156,2024-05-01,14,0
156,2024-06-01,14,0
156,2024-07-01,13,0
156,2024-08-01,7,2
156,2024-09-01,17,0
156,2024-10-01,9,0
156,2024-11-01,16,0
156,2024-12-01,14,0
156,2025-01-01,15,0
156,2025-02-01,12,1
156,2025-03-01,12,0
156,2025-04-01,16,0
156,2025-05-01,15,0
156,2025-06-01,13,0
156,2025-07-01,14,1
156,2025-08-01,14,0
156,2025-09-01,17,0
156,2025-10-01,8,0
156,2025-11-01,18,0
156,2025-12-01,13,0
157,2024-05-01,14,1
157,2024-06-01,17,0
157,2024-07-01,15,1
157,2024-08-01,14,0
157,2024-09-01,8,1
157,2024-10-01,14,1
157,2024-11-01,15,0
157,2024-12-01,13,0
157,2025-01-01,16,0
157,2025-02-01,16,0
158,2024-05-01,8,0
158,2024-06-01,9,0
158,2024-07-01,13,0
158,2024-08-01,16,0
158,2024-09-01,8,0
158,2024-10-01,17,0
158,2024-11-01,7,0
158,2024-12-01,13,0
158,2025-01-01,18,0
158,2025-02-01,10,0
158,2025-03-01,6,1
158,2025-04-01,4,0
158,2025-05-01,2,1
159,2024-05-01,18,0
159,2024-06-01,17,0
160,2024-05-01,31,1
160,2024-06-01,30,0
160,2024-07-01,28,0
160,2024-08-01,37,0
160,2024-09-01,36,1
160,2024-10-01,28,0
160,2024-11-01,36,0
160,2024-12-01,36,0
160,2025-01-01,35,0
160,2025-02-01,39,0
160,2025-03-01,30,0
160,2025-04-01,33,0
160,2025-05-01,35,1
160,2025-06-01,30,0
160,2025-07-01,27,0
160,2025-08-01,39,0
160,2025-09-01,47,0
160,2025-10-01,32,1
160,2025-11-01,30,0
160,2025-12-01,48,0
161,2024-05-01,13,0
161,2024-06-01,15,1
161,2024-07-01,18,0
161,2024-08-01,15,1
161,2024-09-01,11,0
161,2024-10-01,13,0
161,2024-11-01,19,0
161,2024-12-01,13,0
161,2025-01-01,14,0
161,2025-02-01,18,0
161,2025-03-01,9,2
161,2025-04-01,16,1
161,2025-05-01,18,0
161,2025-06-01,14,0
161,2025-07-01,13,0
161,2025-08-01,8,0
161,2025-09-01,17,0
161,2025-10-01,16,0
161,2025-11-01,13,1
161,2025-12-01,10,0
162,2024-05-01,29,0
162,2024-06-01,29,1
162,2024-07-01,14,0
162,2024-08-01,15,0
162,2024-09-01,17,0
162,2024-10-01,16,0
162,2024-11-01,17,0
162,2024-12-01,27,0
162,2025-01-01,25,0
162,2025-02-01,23,1
162,2025-03-01,18,0
162,2025-04-01,14,1
162,2025-05-01,23,0
162,2025-06-01,21,1
162,2025-07-01,16,0
162,2025-08-01,13,1
162,2025-09-01,5,1
162,2025-10-01,5,1
163,2024-05-01,17,0
163,2024-06-01,8,1
164,2024-05-01,7,0
164,2024-06-01,10,0
164,2024-07-01,9,0
164,2024-08-01,14,1
164,2024-09-01,8,0
164,2024-10-01,9,0
164,2024-11-01,13,0
164,2024-12-01,2,1
164,2025-01-01,11,0
164,2025-02-01,12,0
164,2025-03-01,6,0
164,2025-04-01,1,3
164,2025-05-01,4,1
165,2024-05-01,18,0
165,2024-06-01,24,0
165,2024-07-01,20,1
165,2024-08-01,23,0
165,2024-09-01,22,0
165,2024-10-01,25,0
165,2024-11-01,17,0
165,2024-12-01,22,0
165,2025-01-01,19,0
165,2025-02-01,20,1
165,2025-03-01,20,0
165,2025-04-01,10,0
165,2025-05-01,12,0
165,2025-06-01,17,0
165,2025-07-01,21,1
165,2025-08-01,15,0
165,2025-09-01,17,1
165,2025-10-01,14,0
165,2025-11-01,19,0
165,2025-12-01,18,0
166,2024-05-01,29,0
166,2024-06-01,38,0
166,2024-07-01,43,0
166,2024-08-01,30,0
166,2024-09-01,29,0
166,2024-10-01,30,0
166,2024-11-01,32,0
166,2024-12-01,37,0
166,2025-01-01,46,0
166,2025-02-01,32,0
166,2025-03-01,35,0
166,2025-04-01,42,1
166,2025-05-01,35,0
166,2025-06-01,30,0
166,2025-07-01,35,2
166,2025-08-01,31,0
166,2025-09-01,33,0
166,2025-10-01,27,0
166,2025-11-01,31,0
166,2025-12-01,38,0
167,2024-05-01,36,0
167,2024-06-01,21,0
167,2024-07-01,34,0
167,2024-08-01,22,0
167,2024-09-01,37,0
167,2024-10-01,33,1
167,2024-11-01,40,0
167,2024-12-01,22,0
167,2025-01-01,35,0
167,2025-02-01,34,1
167,2025-03-01,32,0
167,2025-04-01,35,0
167,2025-05-01,35,0
167,2025-06-01,33,0
167,2025-07-01,27,0
167,2025-08-01,31,0
167,2025-09-01,37,0
167,2025-10-01,33,0
167,2025-11-01,20,0
167,2025-12-01,48,0
168,2024-05-01,8,0
168,2024-06-01,12,1
168,2024-07-01,8,1
169,2024-05-01,11,1
169,2024-06-01,7,0
169,2024-07-01,12,0
169,2024-08-01,9,0
169,2024-09-01,8,2
169,2024-10-01,12,1
169,2024-11-01,7,0
169,2024-12-01,9,0
169,2025-01-01,16,0
169,2025-02-01,3,0
169,2025-03-01,8,0
169,2025-04-01,10,0
169,2025-05-01,12,0
169,2025-06-01,12,2
170,2024-05-01,6,0
170,2024-06-01,11,0
170,2024-07-01,6,1
170,2024-08-01,4,0
170,2024-09-01,4,0
171,2024-05-01,22,1
171,2024-06-01,19,0
171,2024-07-01,16,0
171,2024-08-01,30,0
171,2024-09-01,22,0
171,2024-10-01,15,0
171,2024-11-01,17,1
171,2024-12-01,21,0
171,2025-01-01,24,0
171,2025-02-01,18,0
171,2025-03-01,16,0
171,2025-04-01,17,0
171,2025-05-01,22,0
171,2025-06-01,18,0
171,2025-07-01,27,1
171,2025-08-01,18,0
171,2025-09-01,19,1
171,2025-10-01,15,0
171,2025-11-01,27,0
171,2025-12-01,21,0
172,2024-05-01,32,0
172,2024-06-01,25,0
172,2024-07-01,32,1
172,2024-08-01,36,0
172,2024-09-01,35,0
172,2024-10-01,23,0
172,2024-11-01,38,0
172,2024-12-01,36,0
172,2025-01-01,36,0
172,2025-02-01,33,0
172,2025-03-01,37,0
173,2024-05-01,23,0
173,2024-06-01,29,1
173,2024-07-01,23,0
173,2024-08-01,26,0
173,2024-09-01,31,0
173,2024-10-01,33,0
173,2024-11-01,33,0
173,2024-12-01,35,0
173,2025-01-01,34,1
173,2025-02-01,37,0
173,2025-03-01,24,1
173,2025-04-01,26,0
173,2025-05-01,21,0
173,2025-06-01,21,0
173,2025-07-01,23,0
173,2025-08-01,21,0
173,2025-09-01,31,0
173,2025-10-01,16,0
173,2025-11-01,28,0
173,2025-12-01,21,1
174,2024-05-01,20,1
174,2024-06-01,20,0
174,2024-07-01,19,2
174,2024-08-01,26,1
174,2024-09-01,26,0
174,2024-10-01,25,2
174,2024-11-01,18,0
174,2024-12-01,24,0
174,2025-01-01,27,0
174,2025-02-01,25,0
174,2025-03-01,26,0
174,2025-04-01,29,0
174,2025-05-01,21,1
174,2025-06-01,35,0
174,2025-07-01,30,0
174,2025-08-01,21,0
174,2025-09-01,28,0
174,2025-10-01,22,0
174,2025-11-01,29,0
174,2025-12-01,24,0
175,2024-05-01,16,0
175,2024-06-01,14,1
175,2024-07-01,16,0
176,2024-06-01,24,1
176,2024-07-01,35,1
176,2024-08-01,19,0
176,2024-09-01,30,0
176,2024-10-01,24,1
176,2024-11-01,23,0
176,2024-12-01,24,0
176,2025-01-01,35,0
176,2025-02-01,32,0
176,2025-03-01,31,0
176,2025-04-01,29,1
176,2025-05-01,35,0
176,2025-06-01,35,2
176,2025-07-01,27,1
176,2025-08-01,34,1
176,2025-09-01,26,0
176,2025-10-01,27,0
176,2025-11-01,25,0
176,2025-12-01,31,0
177,2024-06-01,42,1
177,2024-07-01,53,0
177,2024-08-01,50,0
177,2024-09-01,63,1
177,2024-10-01,46,0
177,2024-11-01,41,0
177,2024-12-01,48,1
177,2025-01-01,46,0
177,2025-02-01,43,1
177,2025-03-01,52,1
177,2025-04-01,33,1
177,2025-05-01,40,0
177,2025-06-01,54,0
177,2025-07-01,46,0
177,2025-08-01,46,0
177,2025-09-01,53,1
177,2025-10-01,47,0
177,2025-11-01,26,1
177,2025-12-01,8,3
178,2024-06-01,11,0
178,2024-07-01,14,1
178,2024-08-01,6,0
178,2024-09-01,15,0
178,2024-10-01,11,0
178,2024-11-01,9,0
178,2024-12-01,4,0
178,2025-01-01,6,1
179,2024-06-01,23,0
179,2024-07-01,39,0
179,2024-08-01,18,0
179,2024-09-01,23,0
179,2024-10-01,28,0
179,2024-11-01,21,0
179,2024-12-01,20,1
179,2025-01-01,24,0
179,2025-02-01,22,0
179,2025-03-01,19,1
179,2025-04-01,24,0
179,2025-05-01,30,0
179,2025-06-01,24,0
179,2025-07-01,30,0
179,2025-08-01,27,2
179,2025-09-01,27,0
179,2025-10-01,29,0
179,2025-11-01,25,0
179,2025-12-01,34,0
180,2024-06-01,29,0
180,2024-07-01,14,0
180,2024-08-01,11,0
180,2024-09-01,11,0
181,2024-06-01,14,2
181,2024-07-01,9,0
181,2024-08-01,22,0
181,2024-09-01,21,1
181,2024-10-01,14,0
181,2024-11-01,13,0
181,2024-12-01,14,0
181,2025-01-01,17,1
181,2025-02-01,21,0
181,2025-03-01,15,0
181,2025-04-01,19,0
181,2025-05-01,23,0
181,2025-06-01,16,0
181,2025-07-01,24,0
181,2025-08-01,18,0
181,2025-09-01,23,1
181,2025-10-01,21,0
181,2025-11-01,4,0
181,2025-12-01,4,1
182,2024-06-01,10,0
182,2024-07-01,14,0
182,2024-08-01,12,0
182,2024-09-01,11,1
182,2024-10-01,6,0
182,2024-11-01,10,1
182,2024-12-01,6,0
182,2025-01-01,12,0
182,2025-02-01,12,0
182,2025-03-01,6,0
182,2025-04-01,5,0
182,2025-05-01,10,1
182,2025-06-01,5,1
182,2025-07-01,11,0
182,2025-08-01,8,0
182,2025-09-01,8,0
182,2025-10-01,11,0
182,2025-11-01,6,0
182,2025-12-01,15,1
183,2024-06-01,17,0
183,2024-07-01,25,1
183,2024-08-01,13,0
183,2024-09-01,20,1
183,2024-10-01,13,0
183,2024-11-01,16,2
183,2024-12-01,20,0
183,2025-01-01,9,0
183,2025-02-01,13,0
183,2025-03-01,11,0
183,2025-04-01,9,1
183,2025-05-01,3,1
184,2024-06-01,13,1
184,2024-07-01,3,3
185,2024-06-01,31,0
185,2024-07-01,43,1
185,2024-08-01,39,0
185,2024-09-01,35,0
185,2024-10-01,44,0
185,2024-11-01,36,1
185,2024-12-01,35,0
185,2025-01-01,39,0
185,2025-02-01,30,0
185,2025-03-01,31,0
185,2025-04-01,33,0
185,2025-05-01,38,0
185,2025-06-01,35,0
185,2025-07-01,39,0
185,2025-08-01,38,1
185,2025-09-01,26,0
185,2025-10-01,45,0
185,2025-11-01,37,0
185,2025-12-01,33,1
186,2024-06-01,19,1
186,2024-07-01,18,0
186,2024-08-01,12,2
186,2024-09-01,19,0
186,2024-10-01,15,0
186,2024-11-01,11,1
186,2024-12-01,17,0
186,2025-01-01,21,0
186,2025-02-01,18,0
186,2025-03-01,16,0
186,2025-04-01,14,0
186,2025-05-01,17,0
186,2025-06-01,16,0
186,2025-07-01,21,0
186,2025-08-01,18,0
186,2025-09-01,16,0
186,2025-10-01,13,0
186,2025-11-01,11,0
186,2025-12-01,14,0
187,2024-06-01,15,0
187,2024-07-01,12,1
187,2024-08-01,7,0
187,2024-09-01,21,3
187,2024-10-01,11,0
187,2024-11-01,13,0
187,2024-12-01,14,0
187,2025-01-01,12,0
187,2025-02-01,11,0
187,2025-03-01,12,0
187,2025-04-01,15,1
187,2025-05-01,12,0
187,2025-06-01,15,0
187,2025-07-01,13,0
187,2025-08-01,15,0
187,2025-09-01,12,1
187,2025-10-01,15,1
187,2025-11-01,9,2
187,2025-12-01,15,0
188,2024-06-01,23,0
188,2024-07-01,18,0
188,2024-08-01,26,0
189,2024-06-01,22,1
189,2024-07-01,22,0
189,2024-08-01,18,1
189,2024-09-01,31,0
189,2024-10-01,16,0
189,2024-11-01,36,0
189,2024-12-01,30,0
189,2025-01-01,17,0
189,2025-02-01,26,0
189,2025-03-01,23,0
189,2025-04-01,26,0
189,2025-05-01,14,0
189,2025-06-01,19,0
189,2025-07-01,27,0
189,2025-08-01,27,0
189,2025-09-01,25,0
189,2025-10-01,27,0
189,2025-11-01,21,0
189,2025-12-01,19,0
190,2024-06-01,27,0
190,2024-07-01,16,0
190,2024-08-01,21,1
190,2024-09-01,19,0
190,2024-10-01,20,1
190,2024-11-01,18,2
190,2024-12-01,16,0
190,2025-01-01,31,1
190,2025-02-01,23,0
190,2025-03-01,18,0
190,2025-04-01,18,0
190,2025-05-01,18,0
190,2025-06-01,20,0
190,2025-07-01,30,0
190,2025-08-01,12,0
190,2025-09-01,20,0
190,2025-10-01,26,0
190,2025-11-01,28,0
190,2025-12-01,29,0
191,2024-06-01,21,0
191,2024-07-01,10,0
191,2024-08-01,18,0
191,2024-09-01,16,0
191,2024-10-01,22,1
191,2024-11-01,19,0
191,2024-12-01,18,0
191,2025-01-01,19,0
191,2025-02-01,15,0
191,2025-03-01,19,1
191,2025-04-01,14,1
191,2025-05-01,17,0
191,2025-06-01,17,0
191,2025-07-01,19,0
191,2025-08-01,19,0
191,2025-09-01,13,0
191,2025-10-01,9,0
191,2025-11-01,10,1
191,2025-12-01,5,1
192,2024-06-01,16,1
192,2024-07-01,17,0
192,2024-08-01,19,1
192,2024-09-01,18,0
192,2024-10-01,19,0
192,2024-11-01,24,1
192,2024-12-01,19,0
192,2025-01-01,21,1
192,2025-02-01,22,1
192,2025-03-01,17,0
192,2025-04-01,21,0
192,2025-05-01,22,0
192,2025-06-01,23,0
192,2025-07-01,21,0
192,2025-08-01,36,1
192,2025-09-01,23,0
192,2025-10-01,30,0
192,2025-11-01,21,0
192,2025-12-01,17,1
193,2024-06-01,23,0
193,2024-07-01,13,0
193,2024-08-01,9,1
193,2024-09-01,12,0
193,2024-10-01,14,1
193,2024-11-01,17,0
193,2024-12-01,10,0
193,2025-01-01,12,0
193,2025-02-01,6,0
193,2025-03-01,10,1
194,2024-06-01,54,1
194,2024-07-01,55,0
194,2024-08-01,71,0
194,2024-09-01,55,0
194,2024-10-01,64,0
194,2024-11-01,52,0
194,2024-12-01,60,0
194,2025-01-01,57,0
194,2025-02-01,53,1
194,2025-03-01,60,0
194,2025-04-01,73,1
194,2025-05-01,55,0
194,2025-06-01,54,0
194,2025-07-01,62,0
194,2025-08-01,49,1
194,2025-09-01,49,0
194,2025-10-01,63,0
194,2025-11-01,49,0
194,2025-12-01,48,0
195,2024-06-01,50,0
195,2024-07-01,40,0
195,2024-08-01,39,1
195,2024-09-01,34,0
195,2024-10-01,37,0
195,2024-11-01,34,1
195,2024-12-01,36,0
195,2025-01-01,39,2
195,2025-02-01,50,0
195,2025-03-01,30,1
195,2025-04-01,31,0
195,2025-05-01,39,1
195,2025-06-01,34,0
195,2025-07-01,20,0
195,2025-08-01,8,1
196,2024-06-01,64,1
196,2024-07-01,47,1
196,2024-08-01,52,0
196,2024-09-01,49,0
196,2024-10-01,56,0
196,2024-11-01,66,1
196,2024-12-01,58,0
196,2025-01-01,55,0
196,2025-02-01,42,0
196,2025-03-01,55,0
196,2025-04-01,58,0
196,2025-05-01,45,0
196,2025-06-01,57,0
196,2025-07-01,47,0
196,2025-08-01,51,1
196,2025-09-01,54,0
196,2025-10-01,46,0
196,2025-11-01,52,1
196,2025-12-01,58,0
197,2024-06-01,14,0
197,2024-07-01,19,1
197,2024-08-01,19,0
197,2024-09-01,13,0
197,2024-10-01,12,0
197,2024-11-01,20,0
197,2024-12-01,16,1
197,2025-01-01,20,2
197,2025-02-01,17,1
197,2025-03-01,25,0
197,2025-04-01,16,1
197,2025-05-01,27,0
197,2025-06-01,23,0
197,2025-07-01,16,0
197,2025-08-01,17,0
197,2025-09-01,17,0
197,2025-10-01,21,0
197,2025-11-01,22,0
197,2025-12-01,18,1
198,2024-06-01,6,0
198,2024-07-01,7,0
198,2024-08-01,4,0
199,2024-06-01,16,0
199,2024-07-01,23,1
199,2024-08-01,21,0
199,2024-09-01,15,0
199,2024-10-01,11,0
199,2024-11-01,11,0
199,2024-12-01,9,0
200,2024-06-01,24,1
200,2024-07-01,17,1
200,2024-08-01,20,1
200,2024-09-01,19,1
200,2024-10-01,20,1
200,2024-11-01,26,0
200,2024-12-01,22,0
200,2025-01-01,22,0
200,2025-02-01,13,0
200,2025-03-01,8,1
200,2025-04-01,9,2
201,2024-06-01,14,1
201,2024-07-01,12,2
201,2024-08-01,19,1
201,2024-09-01,17,1
201,2024-10-01,5,0
201,2024-11-01,3,1
202,2024-06-01,24,0
202,2024-07-01,15,2
202,2024-08-01,6,0
202,2024-09-01,8,1
203,2024-06-01,15,0
203,2024-07-01,13,0
204,2024-06-01,87,1
204,2024-07-01,67,1
204,2024-08-01,55,0
204,2024-09-01,75,0
205,2024-06-01,13,0
205,2024-07-01,10,0
205,2024-08-01,12,0
205,2024-09-01,10,0
205,2024-10-01,7,0
205,2024-11-01,8,0
205,2024-12-01,10,0
205,2025-01-01,5,0
205,2025-02-01,6,0
205,2025-03-01,3,1
206,2024-06-01,24,1
206,2024-07-01,18,0
206,2024-08-01,19,0
206,2024-09-01,19,0
206,2024-10-01,17,1
206,2024-11-01,23,0
206,2024-12-01,31,1
206,2025-01-01,19,0
206,2025-02-01,14,0
206,2025-03-01,20,0
206,2025-04-01,25,1
206,2025-05-01,16,0
206,2025-06-01,17,0
206,2025-07-01,27,1
206,2025-08-01,22,0
206,2025-09-01,17,0
206,2025-10-01,22,0
206,2025-11-01,23,1
206,2025-12-01,19,0
207,2024-06-01,18,0
207,2024-07-01,18,2
207,2024-08-01,19,1
207,2024-09-01,17,0
207,2024-10-01,20,1
207,2024-11-01,21,0
207,2024-12-01,16,0
207,2025-01-01,18,0
207,2025-02-01,24,0
207,2025-03-01,15,0
207,2025-04-01,20,1
207,2025-05-01,21,0
207,2025-06-01,16,1
207,2025-07-01,26,0
207,2025-08-01,14,0
207,2025-09-01,17,0
207,2025-10-01,19,0
207,2025-11-01,16,0
207,2025-12-01,9,0
208,2024-06-01,38,1
208,2024-07-01,28,1
208,2024-08-01,49,2
208,2024-09-01,40,0
208,2024-10-01,46,0
208,2024-11-01,32,0
208,2024-12-01,38,0
208,2025-01-01,49,0
208,2025-02-01,39,1
208,2025-03-01,36,0
208,2025-04-01,37,0
208,2025-05-01,38,0
208,2025-06-01,44,0
208,2025-07-01,36,0
208,2025-08-01,40,0
208,2025-09-01,35,0
208,2025-10-01,43,0
208,2025-11-01,29,0
208,2025-12-01,39,0
209,2024-06-01,54,0
209,2024-07-01,65,0
209,2024-08-01,49,1
209,2024-09-01,48,0
209,2024-10-01,57,0
209,2024-11-01,60,2
209,2024-12-01,44,0
209,2025-01-01,55,1
209,2025-02-01,61,0
209,2025-03-01,59,0
209,2025-04-01,50,1
209,2025-05-01,41,0
209,2025-06-01,55,0
209,2025-07-01,64,0
209,2025-08-01,62,1
209,2025-09-01,39,0
209,2025-10-01,50,0
209,2025-11-01,67,1
209,2025-12-01,53,0
210,2024-06-01,12,0
210,2024-07-01,7,1
210,2024-08-01,11,0
210,2024-09-01,11,0
210,2024-10-01,7,1
210,2024-11-01,8,1
211,2024-06-01,11,0
211,2024-07-01,15,1
211,2024-08-01,23,0
211,2024-09-01,25,0
211,2024-10-01,22,0
211,2024-11-01,14,0
211,2024-12-01,10,0
211,2025-01-01,10,0
211,2025-02-01,12,1
211,2025-03-01,12,0
211,2025-04-01,16,1
211,2025-05-01,13,0
211,2025-06-01,23,0
211,2025-07-01,16,0
211,2025-08-01,13,1
211,2025-09-01,18,0
211,2025-10-01,16,1
211,2025-11-01,12,0
211,2025-12-01,15,0
212,2024-06-01,41,0
212,2024-07-01,24,0
212,2024-08-01,36,0
212,2024-09-01,36,1
212,2024-10-01,31,0
212,2024-11-01,29,0
212,2024-12-01,36,2
212,2025-01-01,27,0
212,2025-02-01,31,0
212,2025-03-01,28,1
212,2025-04-01,38,0
212,2025-05-01,25,0
212,2025-06-01,32,0
212,2025-07-01,39,0
212,2025-08-01,26,0
212,2025-09-01,30,1
212,2025-10-01,27,0
212,2025-11-01,34,0
212,2025-12-01,29,0
213,2024-06-01,57,0
213,2024-07-01,50,0
213,2024-08-01,59,0
213,2024-09-01,59,0
214,2024-06-01,15,0
214,2024-07-01,13,0
214,2024-08-01,19,0
214,2024-09-01,22,0
214,2024-10-01,6,1
214,2024-11-01,13,0
214,2024-12-01,12,0
214,2025-01-01,6,0
214,2025-02-01,4,3
215,2024-06-01,17,0
215,2024-07-01,15,0
215,2024-08-01,20,0
215,2024-09-01,20,0
215,2024-10-01,28,0
215,2024-11-01,23,0
215,2024-12-01,21,0
215,2025-01-01,23,1
215,2025-02-01,25,0
215,2025-03-01,27,0
215,2025-04-01,13,0
215,2025-05-01,18,1
215,2025-06-01,21,0
215,2025-07-01,10,0
215,2025-08-01,24,0
215,2025-09-01,17,0
215,2025-10-01,15,0
215,2025-11-01,17,1
215,2025-12-01,14,0
216,2024-07-01,11,0
216,2024-08-01,15,1
216,2024-09-01,16,2
216,2024-10-01,17,0
216,2024-11-01,12,0
217,2024-07-01,13,1
217,2024-08-01,13,0
217,2024-09-01,12,0
217,2024-10-01,12,0
217,2024-11-01,12,0
217,2024-12-01,6,0
217,2025-01-01,6,1
218,2024-07-01,10,1
218,2024-08-01,23,0
218,2024-09-01,14,0
218,2024-10-01,16,1
218,2024-11-01,25,0
218,2024-12-01,15,0
218,2025-01-01,14,0
218,2025-02-01,16,0
218,2025-03-01,16,1
218,2025-04-01,14,0
218,2025-05-01,16,0
218,2025-06-01,20,1
218,2025-07-01,11,0
218,2025-08-01,15,0
218,2025-09-01,12,0
218,2025-10-01,22,0
218,2025-11-01,16,0
218,2025-12-01,12,0
219,2024-07-01,11,1
219,2024-08-01,8,0
219,2024-09-01,9,0
219,2024-10-01,7,0
219,2024-11-01,5,0
219,2024-12-01,3,0
219,2025-01-01,10,0
219,2025-02-01,3,0
219,2025-03-01,4,2
219,2025-04-01,2,1
220,2024-07-01,24,0
220,2024-08-01,21,2
220,2024-09-01,25,0
220,2024-10-01,20,0
220,2024-11-01,24,0
220,2024-12-01,27,0
220,2025-01-01,10,0
220,2025-02-01,23,0
220,2025-03-01,13,0
220,2025-04-01,21,1
220,2025-05-01,19,0
220,2025-06-01,21,0
220,2025-07-01,23,0
220,2025-08-01,34,0
220,2025-09-01,15,0
220,2025-10-01,24,0
220,2025-11-01,25,2
220,2025-12-01,27,1
221,2024-07-01,15,0
221,2024-08-01,19,1
221,2024-09-01,15,0
221,2024-10-01,20,0
221,2024-11-01,12,0
221,2024-12-01,26,0
221,2025-01-01,22,0
221,2025-02-01,16,0
221,2025-03-01,22,0
221,2025-04-01,18,0
221,2025-05-01,29,1
221,2025-06-01,21,0
221,2025-07-01,17,0
221,2025-08-01,18,0
221,2025-09-01,19,1
221,2025-10-01,18,1
221,2025-11-01,17,0
221,2025-12-01,15,0
222,2024-07-01,22,0
222,2024-08-01,23,0
222,2024-09-01,19,0
222,2024-10-01,19,0
222,2024-11-01,19,0
222,2024-12-01,17,0
222,2025-01-01,25,0
222,2025-02-01,32,0
222,2025-03-01,20,1
222,2025-04-01,22,0
222,2025-05-01,25,0
222,2025-06-01,24,1
222,2025-07-01,34,0
222,2025-08-01,31,0
222,2025-09-01,20,0
222,2025-10-01,12,1
222,2025-11-01,9,2
222,2025-12-01,9,1
223,2024-07-01,6,1
224,2024-07-01,18,0
224,2024-08-01,32,0
224,2024-09-01,15,0
224,2024-10-01,12,1
224,2024-11-01,19,0
224,2024-12-01,17,0
224,2025-01-01,15,0
224,2025-02-01,18,1
224,2025-03-01,22,0
224,2025-04-01,22,0
224,2025-05-01,17,0
224,2025-06-01,15,0
224,2025-07-01,20,1
224,2025-08-01,26,1
224,2025-09-01,19,0
224,2025-10-01,14,0
224,2025-11-01,16,0
224,2025-12-01,12,0
225,2024-07-01,12,0
225,2024-08-01,12,0
225,2024-09-01,22,0
225,2024-10-01,11,0
225,2024-11-01,16,1
225,2024-12-01,16,0
225,2025-01-01,11,0
225,2025-02-01,15,0
225,2025-03-01,18,0
225,2025-04-01,13,0
225,2025-05-01,17,0
225,2025-06-01,15,1
225,2025-07-01,14,0
225,2025-08-01,18,0
225,2025-09-01,15,0
225,2025-10-01,19,0
225,2025-11-01,16,0
225,2025-12-01,18,1
226,2024-07-01,22,0
226,2024-08-01,14,0
226,2024-09-01,24,0
226,2024-10-01,17,0
226,2024-11-01,20,1
226,2024-12-01,24,0
226,2025-01-01,16,0
226,2025-02-01,10,0
226,2025-03-01,12,0
226,2025-04-01,18,0
226,2025-05-01,16,0
226,2025-06-01,18,0
226,2025-07-01,21,0
226,2025-08-01,16,1
226,2025-09-01,18,0
226,2025-10-01,13,1
226,2025-11-01,17,0
226,2025-12-01,11,0
227,2024-07-01,12,0
227,2024-08-01,11,1
227,2024-09-01,17,0
227,2024-10-01,17,0
227,2024-11-01,15,2
227,2024-12-01,19,0
227,2025-01-01,18,0
227,2025-02-01,14,0
227,2025-03-01,10,0
227,2025-04-01,17,0
227,2025-05-01,20,0
227,2025-06-01,22,1
227,2025-07-01,26,0
227,2025-08-01,18,0
227,2025-09-01,15,0
227,2025-10-01,12,1
227,2025-11-01,18,0
227,2025-12-01,18,4
228,2024-07-01,39,2
228,2024-08-01,41,0
228,2024-09-01,44,0
228,2024-10-01,53,0
228,2024-11-01,42,0
228,2024-12-01,55,0
228,2025-01-01,53,0
228,2025-02-01,52,0
228,2025-03-01,50,0
228,2025-04-01,57,0
228,2025-05-01,41,0
228,2025-06-01,43,0
228,2025-07-01,41,0
228,2025-08-01,50,0
228,2025-09-01,49,0
228,2025-10-01,47,0
228,2025-11-01,43,0
228,2025-12-01,52,0
229,2024-07-01,13,0
229,2024-08-01,13,1
229,2024-09-01,15,0
229,2024-10-01,11,0
229,2024-11-01,12,0
229,2024-12-01,4,2
229,2025-01-01,1,1
230,2024-07-01,19,0
230,2024-08-01,11,1
231,2024-07-01,25,0
231,2024-08-01,21,1
231,2024-09-01,20,0
231,2024-10-01,21,0
231,2024-11-01,18,0
231,2024-12-01,24,0
231,2025-01-01,23,0
231,2025-02-01,9,0
231,2025-03-01,23,0
231,2025-04-01,26,0
231,2025-05-01,17,0
231,2025-06-01,15,0
231,2025-07-01,22,0
231,2025-08-01,19,0
231,2025-09-01,24,0
231,2025-10-01,13,1
231,2025-11-01,23,0
231,2025-12-01,19,0
232,2024-07-01,14,0
232,2024-08-01,14,0
232,2024-09-01,25,0
232,2024-10-01,19,0
232,2024-11-01,20,0
232,2024-12-01,20,0
232,2025-01-01,10,1
232,2025-02-01,12,2
232,2025-03-01,4,3
233,2024-07-01,25,0
233,2024-08-01,30,0
233,2024-09-01,23,0
233,2024-10-01,32,0
233,2024-11-01,30,0
233,2024-12-01,32,0
233,2025-01-01,34,0
233,2025-02-01,31,1
233,2025-03-01,22,0
233,2025-04-01,18,1
233,2025-05-01,24,0
233,2025-06-01,24,1
233,2025-07-01,31,0
233,2025-08-01,35,0
233,2025-09-01,29,0
233,2025-10-01,32,0
233,2025-11-01,29,0
233,2025-12-01,28,0
234,2024-07-01,18,1
234,2024-08-01,21,0
234,2024-09-01,22,0
234,2024-10-01,28,0
234,2024-11-01,20,0
234,2024-12-01,24,0
234,2025-01-01,23,0
234,2025-02-01,19,0
235,2024-07-01,11,0
235,2024-08-01,23,0
235,2024-09-01,16,0
235,2024-10-01,25,0
235,2024-11-01,17,0
235,2024-12-01,17,1
235,2025-01-01,14,0
235,2025-02-01,22,0
235,2025-03-01,18,0
235,2025-04-01,8,0
235,2025-05-01,9,0
235,2025-06-01,11,1
236,2024-07-01,16,1
236,2024-08-01,14,0
237,2024-07-01,12,1
237,2024-08-01,14,1
237,2024-09-01,8,3
238,2024-07-01,32,0
238,2024-08-01,33,0
238,2024-09-01,33,1
238,2024-10-01,40,0
238,2024-11-01,31,0
238,2024-12-01,41,0
238,2025-01-01,30,0
238,2025-02-01,41,0
238,2025-03-01,40,0
238,2025-04-01,34,1
238,2025-05-01,34,0
238,2025-06-01,39,0
238,2025-07-01,27,0
238,2025-08-01,30,1
238,2025-09-01,17,0
238,2025-10-01,14,3
239,2024-07-01,25,0
239,2024-08-01,22,0
239,2024-09-01,16,0
239,2024-10-01,18,0
239,2024-11-01,17,0
239,2024-12-01,15,0
239,2025-01-01,22,1
239,2025-02-01,25,1
239,2025-03-01,16,0
239,2025-04-01,15,1
239,2025-05-01,7,0
239,2025-06-01,7,1
240,2024-07-01,9,0
240,2024-08-01,9,1
240,2024-09-01,5,2
241,2024-07-01,10,0
241,2024-08-01,16,0
241,2024-09-01,16,0
241,2024-10-01,13,1
241,2024-11-01,24,0
241,2024-12-01,16,0
241,2025-01-01,13,0
241,2025-02-01,16,0
241,2025-03-01,12,0
241,2025-04-01,6,1
241,2025-05-01,5,1
242,2024-07-01,28,1
242,2024-08-01,30,0
242,2024-09-01,26,1
242,2024-10-01,28,0
242,2024-11-01,31,0
242,2024-12-01,36,1
242,2025-01-01,35,0
242,2025-02-01,27,0
242,2025-03-01,20,0
242,2025-04-01,35,1
242,2025-05-01,33,0
242,2025-06-01,24,1
242,2025-07-01,35,1
242,2025-08-01,27,1
242,2025-09-01,26,1
242,2025-10-01,36,0
242,2025-11-01,27,0
242,2025-12-01,24,1
243,2024-07-01,13,0
243,2024-08-01,14,1
243,2024-09-01,15,0
243,2024-10-01,21,0
243,2024-11-01,15,0
243,2024-12-01,19,0
243,2025-01-01,17,0
243,2025-02-01,17,0
243,2025-03-01,15,0
243,2025-04-01,13,0
243,2025-05-01,18,1
243,2025-06-01,17,1
243,2025-07-01,15,1
243,2025-08-01,12,0
243,2025-09-01,21,0
243,2025-10-01,21,0
243,2025-11-01,17,0
243,2025-12-01,19,0
244,2024-07-01,21,1
244,2024-08-01,22,1
244,2024-09-01,22,0
244,2024-10-01,23,0
244,2024-11-01,19,0
244,2024-12-01,30,1
244,2025-01-01,26,0
244,2025-02-01,15,0
244,2025-03-01,25,0
244,2025-04-01,27,1
244,2025-05-01,21,0
244,2025-06-01,29,0
244,2025-07-01,21,0
244,2025-08-01,23,0
244,2025-09-01,18,0
244,2025-10-01,16,0
244,2025-11-01,20,0
244,2025-12-01,23,0
245,2024-07-01,12,0
245,2024-08-01,12,0
245,2024-09-01,8,0
245,2024-10-01,6,1
245,2024-11-01,10,1
245,2024-12-01,9,1
245,2025-01-01,8,0
245,2025-02-01,6,1
245,2025-03-01,9,0
245,2025-04-01,9,0
245,2025-05-01,9,1
245,2025-06-01,9,0
245,2025-07-01,4,1
245,2025-08-01,7,0
245,2025-09-01,16,0
245,2025-10-01,5,1
245,2025-11-01,13,0
246,2024-07-01,10,2
246,2024-08-01,13,1
246,2024-09-01,15,0
246,2024-10-01,14,1
246,2024-11-01,16,0
246,2024-12-01,15,0
246,2025-01-01,12,0
246,2025-02-01,21,0
246,2025-03-01,17,0
247,2024-07-01,2,0
247,2024-08-01,11,0
247,2024-09-01,5,0
247,2024-10-01,2,0
247,2024-11-01,5,0
247,2024-12-01,2,0
247,2025-01-01,9,1
248,2024-07-01,26,0
248,2024-08-01,29,0
248,2024-09-01,20,0
248,2024-10-01,24,0
248,2024-11-01,27,0
248,2024-12-01,19,1
248,2025-01-01,24,1
248,2025-02-01,20,0
248,2025-03-01,28,0
248,2025-04-01,30,1
248,2025-05-01,28,0
248,2025-06-01,25,1
248,2025-07-01,30,0
248,2025-08-01,33,0
248,2025-09-01,26,0
248,2025-10-01,25,1
248,2025-11-01,31,0
248,2025-12-01,14,0
249,2024-07-01,20,0
249,2024-08-01,27,0
249,2024-09-01,18,0
249,2024-10-01,32,0
249,2024-11-01,25,0
249,2024-12-01,23,0
249,2025-01-01,21,0
249,2025-02-01,30,1
249,2025-03-01,16,0
249,2025-04-01,23,0
249,2025-05-01,29,1
249,2025-06-01,21,1
249,2025-07-01,31,0
249,2025-08-01,21,0
249,2025-09-01,14,0
249,2025-10-01,24,0
249,2025-11-01,22,0
249,2025-12-01,17,0
250,2024-07-01,42,0
250,2024-08-01,25,0
250,2024-09-01,30,0
250,2024-10-01,34,1
250,2024-11-01,40,1
250,2024-12-01,41,0
250,2025-01-01,27,0
250,2025-02-01,39,0
250,2025-03-01,46,0
250,2025-04-01,35,0
250,2025-05-01,33,0
250,2025-06-01,36,0
250,2025-07-01,26,0
250,2025-08-01,34,0
250,2025-09-01,34,0
250,2025-10-01,25,0
250,2025-11-01,32,0
250,2025-12-01,29,0
251,2024-07-01,5,0
251,2024-08-01,8,0
251,2024-09-01,3,0
251,2024-10-01,9,0
251,2024-11-01,5,1
251,2024-12-01,13,0
251,2025-01-01,10,0
251,2025-02-01,9,0
251,2025-03-01,5,0
251,2025-04-01,6,1
251,2025-05-01,8,0
251,2025-06-01,7,0
251,2025-07-01,3,0
251,2025-08-01,5,0
251,2025-09-01,5,0
251,2025-10-01,6,1
251,2025-11-01,4,1
251,2025-12-01,2,0
252,2024-07-01,25,0
252,2024-08-01,9,2
253,2024-07-01,24,1
253,2024-08-01,29,0
253,2024-09-01,27,0
253,2024-10-01,32,0
253,2024-11-01,38,0
253,2024-12-01,24,0
253,2025-01-01,35,0
253,2025-02-01,31,0
253,2025-03-01,27,0
253,2025-04-01,26,0
253,2025-05-01,24,0
253,2025-06-01,23,0
253,2025-07-01,32,0
253,2025-08-01,28,0
253,2025-09-01,27,1
253,2025-10-01,22,1
253,2025-11-01,26,0
253,2025-12-01,24,0
254,2024-07-01,8,0
254,2024-08-01,7,0
255,2024-07-01,23,0
255,2024-08-01,19,0
255,2024-09-01,30,0
255,2024-10-01,35,0
255,2024-11-01,21,0
255,2024-12-01,27,0
255,2025-01-01,22,1
255,2025-02-01,22,1
255,2025-03-01,14,0
255,2025-04-01,29,0
255,2025-05-01,21,0
255,2025-06-01,25,1
255,2025-07-01,15,0
255,2025-08-01,21,0
255,2025-09-01,18,2
255,2025-10-01,24,0
255,2025-11-01,21,0
255,2025-12-01,30,0
256,2024-07-01,15,1
256,2024-08-01,11,0
256,2024-09-01,6,0
257,2024-07-01,48,1
257,2024-08-01,67,2
257,2024-09-01,55,0
257,2024-10-01,43,0
257,2024-11-01,39,0
257,2024-12-01,45,0
257,2025-01-01,59,0
257,2025-02-01,45,0
257,2025-03-01,46,0
257,2025-04-01,55,0
257,2025-05-01,57,0
257,2025-06-01,59,0
257,2025-07-01,55,0
258,2024-07-01,11,0
258,2024-08-01,13,1
258,2024-09-01,8,0
258,2024-10-01,12,0
258,2024-11-01,8,3
258,2024-12-01,6,0
258,2025-01-01,2,3
259,2024-07-01,7,0
259,2024-08-01,15,1
259,2024-09-01,17,0
259,2024-10-01,13,0
259,2024-11-01,14,0
259,2024-12-01,15,0
259,2025-01-01,7,1
259,2025-02-01,9,0
259,2025-03-01,18,0
259,2025-04-01,13,0
259,2025-05-01,5,0
259,2025-06-01,9,0
259,2025-07-01,15,0
259,2025-08-01,11,0
259,2025-09-01,15,0
259,2025-10-01,18,0
259,2025-11-01,11,0
259,2025-12-01,10,0
260,2024-07-01,39,0
260,2024-08-01,39,0
260,2024-09-01,29,0
260,2024-10-01,36,0
260,2024-11-01,41,0
260,2024-12-01,28,1
260,2025-01-01,28,0
260,2025-02-01,38,0
260,2025-03-01,37,0
260,2025-04-01,43,0
260,2025-05-01,47,0
260,2025-06-01,47,0
260,2025-07-01,41,1
260,2025-08-01,37,0
260,2025-09-01,51,0
260,2025-10-01,37,0
260,2025-11-01,34,0
260,2025-12-01,40,0
261,2024-07-01,21,0
261,2024-08-01,11,0
261,2024-09-01,20,0
261,2024-10-01,13,0
261,2024-11-01,24,0
261,2024-12-01,18,0
261,2025-01-01,16,0
261,2025-02-01,27,0
261,2025-03-01,30,0
261,2025-04-01,18,0
261,2025-05-01,20,0
261,2025-06-01,24,0
261,2025-07-01,13,1
261,2025-08-01,16,1
261,2025-09-01,13,1
261,2025-10-01,18,0
261,2025-11-01,17,1
261,2025-12-01,15,0
262,2024-07-01,16,0
262,2024-08-01,15,0
262,2024-09-01,12,1
262,2024-10-01,16,0
262,2024-11-01,15,1
262,2024-12-01,9,1
262,2025-01-01,8,1
263,2024-08-01,28,0
263,2024-09-01,23,0
263,2024-10-01,24,0
263,2024-11-01,25,0
263,2024-12-01,27,1
263,2025-01-01,30,0
263,2025-02-01,33,0
263,2025-03-01,31,2
263,2025-04-01,15,0
263,2025-05-01,34,1
263,2025-06-01,27,0
263,2025-07-01,18,0
263,2025-08-01,23,0
263,2025-09-01,20,1
263,2025-10-01,26,1
263,2025-11-01,21,0
263,2025-12-01,19,1
264,2024-08-01,15,0
264,2024-09-01,17,0
264,2024-10-01,18,3
264,2024-11-01,17,0
264,2024-12-01,22,0
264,2025-01-01,18,1
264,2025-02-01,26,0
264,2025-03-01,25,1
264,2025-04-01,25,0
264,2025-05-01,20,0
264,2025-06-01,17,0
264,2025-07-01,23,0
264,2025-08-01,16,0
264,2025-09-01,16,0
264,2025-10-01,13,0
264,2025-11-01,17,1
264,2025-12-01,20,0
265,2024-08-01,30,0
265,2024-09-01,21,0
265,2024-10-01,23,0
266,2024-08-01,41,0
266,2024-09-01,40,0
266,2024-10-01,43,0
266,2024-11-01,46,0
266,2024-12-01,41,0
266,2025-01-01,35,0
266,2025-02-01,43,0
266,2025-03-01,48,1
266,2025-04-01,46,0
266,2025-05-01,35,0
266,2025-06-01,56,0
266,2025-07-01,49,0
266,2025-08-01,53,0
266,2025-09-01,56,0
266,2025-10-01,37,0
266,2025-11-01,51,0
266,2025-12-01,46,0
267,2024-08-01,51,0
267,2024-09-01,44,0
267,2024-10-01,59,0
267,2024-11-01,43,1
267,2024-12-01,41,0
267,2025-01-01,52,1
267,2025-02-01,44,0
267,2025-03-01,50,0
267,2025-04-01,64,1
267,2025-05-01,42,1
267,2025-06-01,56,1
267,2025-07-01,46,1
267,2025-08-01,66,0
267,2025-09-01,51,0
267,2025-10-01,47,0
267,2025-11-01,50,0
267,2025-12-01,56,1
268,2024-08-01,13,0
268,2024-09-01,10,0
268,2024-10-01,18,0
268,2024-11-01,5,1
268,2024-12-01,8,1
268,2025-01-01,4,0
268,2025-02-01,1,1
269,2024-08-01,25,0
269,2024-09-01,17,3
269,2024-10-01,22,0
269,2024-11-01,16,1
269,2024-12-01,25,0
269,2025-01-01,24,1
269,2025-02-01,16,1
269,2025-03-01,20,1
269,2025-04-01,12,0
269,2025-05-01,25,0
269,2025-06-01,33,2
269,2025-07-01,21,1
269,2025-08-01,17,0
269,2025-09-01,16,1
269,2025-10-01,6,0
269,2025-11-01,10,0
270,2024-08-01,15,1
270,2024-09-01,10,0
271,2024-08-01,15,0
271,2024-09-01,17,0
271,2024-10-01,33,0
271,2024-11-01,18,0
271,2024-12-01,19,0
271,2025-01-01,19,0
271,2025-02-01,22,0
271,2025-03-01,26,1
271,2025-04-01,18,1
271,2025-05-01,23,1
271,2025-06-01,25,0
271,2025-07-01,23,0
271,2025-08-01,13,0
271,2025-09-01,7,0
271,2025-10-01,10,2
272,2024-08-01,15,0
272,2024-09-01,24,0
272,2024-10-01,12,0
272,2024-11-01,22,0
272,2024-12-01,19,1
272,2025-01-01,19,0
272,2025-02-01,14,1
272,2025-03-01,21,1
272,2025-04-01,17,0
272,2025-05-01,11,0
272,2025-06-01,13,0
272,2025-07-01,15,0
272,2025-08-01,20,0
272,2025-09-01,12,0
272,2025-10-01,13,0
272,2025-11-01,14,0
272,2025-12-01,4,2
273,2024-08-01,33,1
273,2024-09-01,56,1
273,2024-10-01,42,0
273,2024-11-01,40,1
273,2024-12-01,42,0
273,2025-01-01,52,0
273,2025-02-01,39,0
273,2025-03-01,39,1
273,2025-04-01,39,0
273,2025-05-01,47,0
273,2025-06-01,48,0
273,2025-07-01,36,0
273,2025-08-01,35,0
273,2025-09-01,41,0
273,2025-10-01,27,1
273,2025-11-01,51,0
273,2025-12-01,47,0
274,2024-08-01,50,1
274,2024-09-01,45,0
274,2024-10-01,38,0
274,2024-11-01,48,1
274,2024-12-01,49,0
274,2025-01-01,44,0
274,2025-02-01,58,0
274,2025-03-01,40,0
274,2025-04-01,29,0
274,2025-05-01,40,0
274,2025-06-01,51,1
274,2025-07-01,57,0
274,2025-08-01,46,0
274,2025-09-01,48,0
274,2025-10-01,44,0
274,2025-11-01,42,0
274,2025-12-01,42,2
275,2024-08-01,8,0
275,2024-09-01,4,1
276,2024-08-01,13,0
276,2024-09-01,8,0
276,2024-10-01,6,0
276,2024-11-01,7,3
277,2024-08-01,41,0
277,2024-09-01,54,0
277,2024-10-01,46,0
277,2024-11-01,41,0
277,2024-12-01,41,0
277,2025-01-01,47,1
277,2025-02-01,40,0
277,2025-03-01,50,0
277,2025-04-01,38,0
277,2025-05-01,47,0
277,2025-06-01,33,0
277,2025-07-01,42,0
277,2025-08-01,40,0
277,2025-09-01,46,0
277,2025-10-01,38,0
277,2025-11-01,59,0
277,2025-12-01,42,1
278,2024-08-01,35,0
278,2024-09-01,43,1
278,2024-10-01,36,1
278,2024-11-01,34,0
278,2024-12-01,40,1
278,2025-01-01,44,0
278,2025-02-01,34,0
278,2025-03-01,44,1
278,2025-04-01,41,0
278,2025-05-01,48,0
278,2025-06-01,26,0
278,2025-07-01,11,0
278,2025-08-01,4,4
279,2024-08-01,7,2
279,2024-09-01,6,0
279,2024-10-01,4,0
280,2024-08-01,20,0
280,2024-09-01,4,0
280,2024-10-01,5,1
281,2024-08-01,14,0
281,2024-09-01,15,0
281,2024-10-01,22,0
281,2024-11-01,10,0
281,2024-12-01,19,1
281,2025-01-01,13,0
281,2025-02-01,12,0
281,2025-03-01,14,1
281,2025-04-01,18,0
281,2025-05-01,13,1
281,2025-06-01,22,0
281,2025-07-01,15,0
281,2025-08-01,19,0
281,2025-09-01,13,0
281,2025-10-01,16,0
281,2025-11-01,16,0
281,2025-12-01,16,0
282,2024-08-01,17,0
282,2024-09-01,30,0
282,2024-10-01,26,0
282,2024-11-01,17,0
282,2024-12-01,17,0
282,2025-01-01,15,1
282,2025-02-01,20,0
282,2025-03-01,11,0
282,2025-04-01,12,0
282,2025-05-01,25,1
282,2025-06-01,20,0
282,2025-07-01,21,0
282,2025-08-01,22,0
282,2025-09-01,19,0
282,2025-10-01,19,0
282,2025-11-01,17,0
282,2025-12-01,15,0
283,2024-08-01,25,0
283,2024-09-01,29,0
283,2024-10-01,17,0
283,2024-11-01,21,0
283,2024-12-01,28,0
283,2025-01-01,18,0
283,2025-02-01,28,0
283,2025-03-01,27,1
283,2025-04-01,31,0
283,2025-05-01,17,0
283,2025-06-01,29,1
283,2025-07-01,22,0
283,2025-08-01,20,0
283,2025-09-01,25,0
283,2025-10-01,31,0
283,2025-11-01,15,0
283,2025-12-01,21,0
284,2024-08-01,23,0
284,2024-09-01,35,0
284,2024-10-01,29,0
284,2024-11-01,40,0
284,2024-12-01,33,1
284,2025-01-01,39,1
284,2025-02-01,31,0
284,2025-03-01,28,0
284,2025-04-01,22,0
284,2025-05-01,33,1
284,2025-06-01,29,0
284,2025-07-01,13,1
284,2025-08-01,24,0
284,2025-09-01,31,0
284,2025-10-01,39,0
284,2025-11-01,30,0
284,2025-12-01,29,0
285,2024-08-01,22,0
285,2024-09-01,21,0
285,2024-10-01,19,1
285,2024-11-01,15,1
285,2024-12-01,19,0
285,2025-01-01,18,0
285,2025-02-01,16,0
285,2025-03-01,16,0
285,2025-04-01,22,0
285,2025-05-01,23,0
285,2025-06-01,13,1
285,2025-07-01,13,1
285,2025-08-01,23,0
285,2025-09-01,13,1
285,2025-10-01,27,0
285,2025-11-01,21,0
285,2025-12-01,17,1
286,2024-08-01,15,0
286,2024-09-01,28,0
286,2024-10-01,18,0
286,2024-11-01,20,0
286,2024-12-01,19,0
286,2025-01-01,15,0
286,2025-02-01,21,1
286,2025-03-01,22,0
286,2025-04-01,26,2
286,2025-05-01,25,0
286,2025-06-01,22,0
286,2025-07-01,18,0
286,2025-08-01,20,1
286,2025-09-01,22,0
286,2025-10-01,19,1
286,2025-11-01,15,0
286,2025-12-01,19,0
287,2024-08-01,62,0
287,2024-09-01,58,0
287,2024-10-01,63,0
287,2024-11-01,66,1
287,2024-12-01,59,1
287,2025-01-01,62,0
287,2025-02-01,76,2
287,2025-03-01,56,0
287,2025-04-01,49,0
287,2025-05-01,69,1
287,2025-06-01,55,1
287,2025-07-01,62,0
287,2025-08-01,59,0
287,2025-09-01,59,1
287,2025-10-01,58,0
287,2025-11-01,57,0
287,2025-12-01,55,0
288,2024-08-01,32,0
288,2024-09-01,32,0
288,2024-10-01,27,0
288,2024-11-01,19,0
288,2024-12-01,26,0
288,2025-01-01,27,0
288,2025-02-01,37,1
288,2025-03-01,22,0
288,2025-04-01,40,0
288,2025-05-01,28,0
288,2025-06-01,35,0
288,2025-07-01,25,0
288,2025-08-01,29,0
288,2025-09-01,34,0
288,2025-10-01,29,0
288,2025-11-01,31,0
288,2025-12-01,37,0
289,2024-08-01,41,1
289,2024-09-01,36,0
289,2024-10-01,40,0
289,2024-11-01,33,0
289,2024-12-01,40,1
289,2025-01-01,37,1
289,2025-02-01,30,0
289,2025-03-01,47,0
289,2025-04-01,39,0
289,2025-05-01,39,0
289,2025-06-01,38,1
289,2025-07-01,36,0
289,2025-08-01,40,0
289,2025-09-01,46,0
289,2025-10-01,42,0
289,2025-11-01,45,0
289,2025-12-01,29,0
290,2024-08-01,15,0
290,2024-09-01,22,0
290,2024-10-01,15,1
290,2024-11-01,16,2
290,2024-12-01,21,0
290,2025-01-01,14,0
290,2025-02-01,20,1
290,2025-03-01,19,0
290,2025-04-01,19,0
290,2025-05-01,16,0
290,2025-06-01,14,0
290,2025-07-01,20,0
290,2025-08-01,18,0
290,2025-09-01,16,0
290,2025-10-01,27,0
290,2025-11-01,18,0
290,2025-12-01,11,1
291,2024-08-01,37,0
291,2024-09-01,28,0
291,2024-10-01,36,0
291,2024-11-01,33,1
291,2024-12-01,26,0
291,2025-01-01,39,1
291,2025-02-01,28,0
291,2025-03-01,35,0
291,2025-04-01,22,1
291,2025-05-01,35,0
291,2025-06-01,28,0
291,2025-07-01,38,1
291,2025-08-01,35,1
291,2025-09-01,38,1
291,2025-10-01,32,0
291,2025-11-01,30,1
291,2025-12-01,33,0
292,2024-08-01,21,0
292,2024-09-01,20,1
292,2024-10-01,21,1
292,2024-11-01,14,0
292,2024-12-01,23,0
292,2025-01-01,13,0
292,2025-02-01,19,1
292,2025-03-01,22,1
292,2025-04-01,15,0
292,2025-05-01,16,0
292,2025-06-01,17,0
292,2025-07-01,19,0
292,2025-08-01,11,0
292,2025-09-01,15,0
292,2025-10-01,10,0
292,2025-11-01,23,0
292,2025-12-01,15,0
293,2024-08-01,31,0
293,2024-09-01,27,0
293,2024-10-01,22,0
293,2024-11-01,22,0
293,2024-12-01,21,0
293,2025-01-01,29,1
293,2025-02-01,25,0
293,2025-03-01,36,1
293,2025-04-01,28,0
293,2025-05-01,20,0
293,2025-06-01,25,1
293,2025-07-01,44,0
293,2025-08-01,24,1
293,2025-09-01,30,0
293,2025-10-01,21,0
293,2025-11-01,14,0
293,2025-12-01,7,3
294,2024-08-01,26,1
294,2024-09-01,30,0
294,2024-10-01,32,1
294,2024-11-01,24,0
294,2024-12-01,23,0
294,2025-01-01,20,0
294,2025-02-01,29,0
294,2025-03-01,21,0
294,2025-04-01,21,0
294,2025-05-01,22,0
294,2025-06-01,14,1
294,2025-07-01,26,0
294,2025-08-01,25,0
294,2025-09-01,35,0
294,2025-10-01,28,0
294,2025-11-01,28,0
294,2025-12-01,34,0
295,2024-08-01,13,2
295,2024-09-01,26,2
295,2024-10-01,23,2
295,2024-11-01,18,0
295,2024-12-01,28,1
295,2025-01-01,25,0
295,2025-02-01,17,0
295,2025-03-01,33,1
295,2025-04-01,14,1
295,2025-05-01,26,0
295,2025-06-01,18,0
295,2025-07-01,22,0
295,2025-08-01,11,0
295,2025-09-01,21,0
295,2025-10-01,20,1
295,2025-11-01,20,0
295,2025-12-01,26,1
296,2024-08-01,55,0
296,2024-09-01,53,0
296,2024-10-01,57,1
296,2024-11-01,59,0
296,2024-12-01,37,2
296,2025-01-01,44,0
296,2025-02-01,55,1
296,2025-03-01,44,0
296,2025-04-01,40,0
296,2025-05-01,52,0
296,2025-06-01,46,0
296,2025-07-01,57,2
296,2025-08-01,50,2
296,2025-09-01,53,0
296,2025-10-01,51,0
296,2025-11-01,35,0
296,2025-12-01,37,0
297,2024-08-01,13,1
297,2024-09-01,13,0
297,2024-10-01,4,0
297,2024-11-01,0,2
298,2024-08-01,18,0
298,2024-09-01,19,0
298,2024-10-01,17,0
299,2024-08-01,30,0
299,2024-09-01,25,1
299,2024-10-01,23,0
299,2024-11-01,23,0
299,2024-12-01,20,0
299,2025-01-01,31,0
299,2025-02-01,30,0
299,2025-03-01,21,0
299,2025-04-01,22,1
299,2025-05-01,27,0
299,2025-06-01,22,0
299,2025-07-01,22,0
299,2025-08-01,22,0
299,2025-09-01,25,1
299,2025-10-01,17,0
299,2025-11-01,31,0
299,2025-12-01,15,0
300,2024-08-01,17,1
300,2024-09-01,18,0
300,2024-10-01,19,1
300,2024-11-01,20,0
300,2024-12-01,15,2
300,2025-01-01,14,0
300,2025-02-01,28,0
300,2025-03-01,24,0
300,2025-04-01,20,0
300,2025-05-01,14,0
300,2025-06-01,22,0
300,2025-07-01,17,0
300,2025-08-01,20,0
300,2025-09-01,16,0
300,2025-10-01,19,1
300,2025-11-01,20,0
300,2025-12-01,14,0
301,2024-08-01,16,1
301,2024-09-01,19,0
301,2024-10-01,20,0
301,2024-11-01,10,0
301,2024-12-01,18,1
301,2025-01-01,15,0
301,2025-02-01,19,0
301,2025-03-01,16,0
301,2025-04-01,14,0
301,2025-05-01,16,0
301,2025-06-01,13,1
301,2025-07-01,25,0
301,2025-08-01,20,0
301,2025-09-01,15,0
301,2025-10-01,11,1
301,2025-11-01,3,2
302,2024-08-01,38,2
302,2024-09-01,43,1
302,2024-10-01,31,0
302,2024-11-01,39,0
302,2024-12-01,51,0
302,2025-01-01,37,0
302,2025-02-01,58,0
302,2025-03-01,43,1
302,2025-04-01,41,0
302,2025-05-01,35,0
302,2025-06-01,34,0
302,2025-07-01,39,0
302,2025-08-01,37,0
303,2024-08-01,28,0
303,2024-09-01,23,0
303,2024-10-01,17,0
303,2024-11-01,33,0
303,2024-12-01,24,0
303,2025-01-01,31,1
303,2025-02-01,23,0
303,2025-03-01,21,0
303,2025-04-01,25,1
303,2025-05-01,16,2
303,2025-06-01,24,0
303,2025-07-01,18,0
303,2025-08-01,9,1
303,2025-09-01,11,2
304,2024-08-01,38,0
304,2024-09-01,41,0
304,2024-10-01,44,0
304,2024-11-01,29,0
304,2024-12-01,24,1
304,2025-01-01,15,1
305,2024-08-01,7,2
305,2024-09-01,5,0
306,2024-08-01,26,0
306,2024-09-01,31,0
306,2024-10-01,26,1
306,2024-11-01,31,0
306,2024-12-01,35,1
306,2025-01-01,26,0
306,2025-02-01,30,1
306,2025-03-01,32,0
306,2025-04-01,26,0
306,2025-05-01,30,0
306,2025-06-01,29,0
306,2025-07-01,28,0
306,2025-08-01,28,1
306,2025-09-01,25,0
306,2025-10-01,34,0
306,2025-11-01,37,0
306,2025-12-01,24,0
307,2024-09-01,19,0
307,2024-10-01,21,0
307,2024-11-01,17,0
307,2024-12-01,17,0
307,2025-01-01,16,1
307,2025-02-01,22,2
307,2025-03-01,13,0
308,2024-09-01,13,0
309,2024-09-01,8,0
309,2024-10-01,14,0
309,2024-11-01,10,0
310,2024-09-01,7,0
310,2024-10-01,18,0
310,2024-11-01,13,0
310,2024-12-01,17,0
310,2025-01-01,8,0
310,2025-02-01,5,1
310,2025-03-01,1,2
311,2024-09-01,14,0
311,2024-10-01,13,0
311,2024-11-01,12,0
311,2024-12-01,15,1
311,2025-01-01,10,2
311,2025-02-01,6,0
311,2025-03-01,13,0
311,2025-04-01,17,0
311,2025-05-01,13,0
311,2025-06-01,5,0
311,2025-07-01,8,0
311,2025-08-01,9,0
311,2025-09-01,15,0
311,2025-10-01,16,1
311,2025-11-01,7,0
311,2025-12-01,11,0
312,2024-09-01,9,0
312,2024-10-01,12,0
312,2024-11-01,19,1
312,2024-12-01,12,1
312,2025-01-01,7,0
312,2025-02-01,9,0
312,2025-03-01,17,0
312,2025-04-01,10,0
312,2025-05-01,11,0
312,2025-06-01,18,0
312,2025-07-01,19,0
312,2025-08-01,10,0
312,2025-09-01,20,0
312,2025-10-01,17,0
312,2025-11-01,9,0
312,2025-12-01,10,0
313,2024-09-01,26,0
313,2024-10-01,36,0
313,2024-11-01,31,0
313,2024-12-01,33,0
313,2025-01-01,44,0
313,2025-02-01,35,0
313,2025-03-01,37,0
313,2025-04-01,35,0
313,2025-05-01,39,0
313,2025-06-01,40,0
313,2025-07-01,29,0
313,2025-08-01,38,0
313,2025-09-01,42,1
313,2025-10-01,40,0
313,2025-11-01,27,0
313,2025-12-01,34,0
314,2024-09-01,7,0
314,2024-10-01,8,0
314,2024-11-01,8,1
314,2024-12-01,9,1
314,2025-01-01,12,0
314,2025-02-01,9,0
314,2025-03-01,14,0
314,2025-04-01,8,0
314,2025-05-01,8,0
314,2025-06-01,6,1
314,2025-07-01,12,0
314,2025-08-01,10,0
314,2025-09-01,12,1
314,2025-10-01,6,1
314,2025-11-01,8,0
314,2025-12-01,4,0
315,2024-09-01,19,1
315,2024-10-01,22,0
315,2024-11-01,12,0
316,2024-09-01,11,0
316,2024-10-01,20,1
316,2024-11-01,12,1
316,2024-12-01,9,1
316,2025-01-01,14,0
316,2025-02-01,16,0
316,2025-03-01,11,0
316,2025-04-01,17,0
316,2025-05-01,18,0
316,2025-06-01,11,0
316,2025-07-01,21,2
316,2025-08-01,8,0
316,2025-09-01,17,0
316,2025-10-01,11,0
316,2025-11-01,18,0
316,2025-12-01,14,0
317,2024-09-01,44,0
317,2024-10-01,47,0
317,2024-11-01,53,0
317,2024-12-01,26,1
317,2025-01-01,34,1
317,2025-02-01,56,1
317,2025-03-01,52,0
317,2025-04-01,43,1
317,2025-05-01,40,0
317,2025-06-01,43,0
317,2025-07-01,41,0
317,2025-08-01,36,0
317,2025-09-01,50,0
317,2025-10-01,40,0
317,2025-11-01,41,0
317,2025-12-01,45,1
318,2024-09-01,68,0
318,2024-10-01,61,0
318,2024-11-01,49,0
318,2024-12-01,55,1
318,2025-01-01,68,0
318,2025-02-01,69,0
318,2025-03-01,55,0
318,2025-04-01,54,0
318,2025-05-01,57,0
318,2025-06-01,55,0
318,2025-07-01,61,1
318,2025-08-01,53,0
318,2025-09-01,57,0
318,2025-10-01,36,0
318,2025-11-01,28,1
318,2025-12-01,14,0
319,2024-09-01,19,0
319,2024-10-01,20,0
319,2024-11-01,8,0
319,2024-12-01,6,1
320,2024-09-01,18,1
320,2024-10-01,14,0
321,2024-09-01,28,0
321,2024-10-01,21,0
321,2024-11-01,29,1
321,2024-12-01,21,0
321,2025-01-01,23,0
321,2025-02-01,30,1
321,2025-03-01,21,0
321,2025-04-01,28,0
321,2025-05-01,27,3
321,2025-06-01,23,1
321,2025-07-01,21,1
321,2025-08-01,35,0
321,2025-09-01,25,0
321,2025-10-01,20,0
321,2025-11-01,29,0
321,2025-12-01,26,1
322,2024-09-01,32,2
322,2024-10-01,40,0
322,2024-11-01,33,1
322,2024-12-01,26,0
322,2025-01-01,37,0
322,2025-02-01,29,0
322,2025-03-01,39,0
322,2025-04-01,28,1
322,2025-05-01,45,0
322,2025-06-01,31,0
322,2025-07-01,42,0
322,2025-08-01,30,0
322,2025-09-01,38,1
323,2024-09-01,29,0
323,2024-10-01,24,0
323,2024-11-01,19,1
323,2024-12-01,23,0
323,2025-01-01,31,0
323,2025-02-01,25,0
323,2025-03-01,33,0
323,2025-04-01,17,0
323,2025-05-01,19,2
323,2025-06-01,13,0
324,2024-09-01,16,0
324,2024-10-01,14,1
324,2024-11-01,16,1
324,2024-12-01,12,0
324,2025-01-01,19,0
324,2025-02-01,17,0
324,2025-03-01,11,0
324,2025-04-01,10,0
324,2025-05-01,11,2
325,2024-09-01,19,0
325,2024-10-01,13,1
325,2024-11-01,18,0
325,2024-12-01,16,0
325,2025-01-01,14,0
325,2025-02-01,12,0
325,2025-03-01,16,0
325,2025-04-01,20,0
325,2025-05-01,22,0
325,2025-06-01,25,0
325,2025-07-01,17,1
325,2025-08-01,13,0
325,2025-09-01,21,1
325,2025-10-01,15,0
325,2025-11-01,25,0
325,2025-12-01,12,0
326,2024-09-01,72,0
326,2024-10-01,56,0
326,2024-11-01,67,0
326,2024-12-01,50,0
326,2025-01-01,55,0
326,2025-02-01,58,0
326,2025-03-01,54,0
326,2025-04-01,47,0
326,2025-05-01,62,0
326,2025-06-01,54,0
326,2025-07-01,53,0
326,2025-08-01,54,0
326,2025-09-01,46,0
326,2025-10-01,66,0
326,2025-11-01,57,0
326,2025-12-01,53,1
327,2024-09-01,12,0
327,2024-10-01,6,0
328,2024-09-01,8,0
328,2024-10-01,4,0
329,2024-09-01,20,0
329,2024-10-01,29,1
329,2024-11-01,29,1
329,2024-12-01,25,0
329,2025-01-01,26,0
329,2025-02-01,26,0
329,2025-03-01,22,0
329,2025-04-01,24,0
329,2025-05-01,26,1
329,2025-06-01,25,0
329,2025-07-01,17,0
329,2025-08-01,10,0
329,2025-09-01,8,1
330,2024-09-01,12,0
330,2024-10-01,23,0
331,2024-09-01,21,0
331,2024-10-01,21,0
331,2024-11-01,22,0
331,2024-12-01,18,0
331,2025-01-01,17,0
331,2025-02-01,24,0
331,2025-03-01,19,0
331,2025-04-01,16,1
331,2025-05-01,15,0
331,2025-06-01,21,0
331,2025-07-01,20,0
331,2025-08-01,19,0
331,2025-09-01,16,0
331,2025-10-01,23,1
331,2025-11-01,21,0
331,2025-12-01,16,0
332,2024-09-01,26,0
332,2024-10-01,22,0
332,2024-11-01,23,0
332,2024-12-01,26,0
332,2025-01-01,34,0
332,2025-02-01,18,1
332,2025-03-01,27,0
332,2025-04-01,25,0
332,2025-05-01,27,1
332,2025-06-01,26,0
332,2025-07-01,14,0
332,2025-08-01,10,3
332,2025-09-01,7,3
333,2024-09-01,14,0
333,2024-10-01,16,0
333,2024-11-01,17,1
333,2024-12-01,25,1
333,2025-01-01,17,1
333,2025-02-01,16,0
333,2025-03-01,11,0
333,2025-04-01,17,0
333,2025-05-01,13,1
333,2025-06-01,20,1
333,2025-07-01,23,0
333,2025-08-01,20,0
333,2025-09-01,15,0
333,2025-10-01,26,0
333,2025-11-01,23,1
333,2025-12-01,17,0
334,2024-09-01,35,1
334,2024-10-01,26,0
334,2024-11-01,29,0
334,2024-12-01,22,0
334,2025-01-01,28,0
334,2025-02-01,28,1
334,2025-03-01,26,1
334,2025-04-01,22,0
334,2025-05-01,29,0
334,2025-06-01,28,0
334,2025-07-01,26,0
334,2025-08-01,24,1
334,2025-09-01,29,0
334,2025-10-01,27,0
334,2025-11-01,19,0
334,2025-12-01,30,0
335,2024-09-01,27,0
335,2024-10-01,23,0
335,2024-11-01,24,0
335,2024-12-01,20,0
335,2025-01-01,25,0
335,2025-02-01,26,0
335,2025-03-01,23,0
335,2025-04-01,23,1
335,2025-05-01,11,0
335,2025-06-01,26,0
335,2025-07-01,28,1
335,2025-08-01,19,1
335,2025-09-01,33,0
335,2025-10-01,16,0
335,2025-11-01,20,0
335,2025-12-01,21,0
336,2024-09-01,7,0
336,2024-10-01,9,2
336,2024-11-01,7,3
337,2024-09-01,44,0
337,2024-10-01,42,0
337,2024-11-01,39,0
337,2024-12-01,26,2
337,2025-01-01,19,2
338,2024-09-01,18,0
338,2024-10-01,23,0
338,2024-11-01,22,1
338,2024-12-01,19,0
338,2025-01-01,22,0
338,2025-02-01,13,0
338,2025-03-01,19,0
338,2025-04-01,28,0
338,2025-05-01,27,1
338,2025-06-01,22,0
338,2025-07-01,20,0
338,2025-08-01,25,0
338,2025-09-01,26,0
338,2025-10-01,13,0
338,2025-11-01,26,0
338,2025-12-01,27,0
339,2024-09-01,9,0
339,2024-10-01,14,1
339,2024-11-01,12,0
339,2024-12-01,15,0
339,2025-01-01,6,1
339,2025-02-01,5,0
339,2025-03-01,2,3
340,2024-09-01,12,2
340,2024-10-01,9,1
340,2024-11-01,6,1
340,2024-12-01,5,1
340,2025-01-01,4,1
340,2025-02-01,1,1
341,2024-09-01,30,0
341,2024-10-01,22,0
341,2024-11-01,17,0
341,2024-12-01,18,1
341,2025-01-01,19,0
341,2025-02-01,21,0
341,2025-03-01,34,0
341,2025-04-01,24,2
341,2025-05-01,32,0
341,2025-06-01,18,0
341,2025-07-01,28,0
341,2025-08-01,27,0
341,2025-09-01,36,1
341,2025-10-01,24,1
341,2025-11-01,18,0
341,2025-12-01,21,0
342,2024-10-01,28,1
342,2024-11-01,18,1
342,2024-12-01,10,1
343,2024-10-01,5,0
343,2024-11-01,4,1
343,2024-12-01,5,0
344,2024-10-01,27,0
344,2024-11-01,23,0
344,2024-12-01,31,1
344,2025-01-01,20,0
344,2025-02-01,18,1
344,2025-03-01,17,0
344,2025-04-01,28,0
344,2025-05-01,22,0
344,2025-06-01,25,0
344,2025-07-01,27,0
344,2025-08-01,18,0
344,2025-09-01,27,0
344,2025-10-01,20,0
344,2025-11-01,29,0
344,2025-12-01,23,0
345,2024-10-01,20,0
345,2024-11-01,24,0
345,2024-12-01,17,0
345,2025-01-01,18,0
345,2025-02-01,26,0
345,2025-03-01,26,0
345,2025-04-01,24,0
345,2025-05-01,15,0
345,2025-06-01,28,1
345,2025-07-01,31,0
345,2025-08-01,27,0
345,2025-09-01,33,0
345,2025-10-01,32,0
345,2025-11-01,15,0
345,2025-12-01,16,1
346,2024-10-01,46,0
347,2024-10-01,8,0
347,2024-11-01,4,1
348,2024-10-01,19,0
349,2024-10-01,11,3
349,2024-11-01,10,1
349,2024-12-01,15,0
349,2025-01-01,15,0
350,2024-10-01,17,0
350,2024-11-01,17,0
350,2024-12-01,13,2
350,2025-01-01,10,0
350,2025-02-01,16,1
350,2025-03-01,12,1
350,2025-04-01,21,0
350,2025-05-01,17,0
350,2025-06-01,18,0
350,2025-07-01,13,1
350,2025-08-01,12,1
350,2025-09-01,13,1
350,2025-10-01,16,0
350,2025-11-01,12,0
350,2025-12-01,11,0
351,2024-10-01,46,0
351,2024-11-01,40,1
351,2024-12-01,32,0
351,2025-01-01,32,0
351,2025-02-01,42,1
351,2025-03-01,49,0
351,2025-04-01,39,0
351,2025-05-01,45,0
351,2025-06-01,30,0
351,2025-07-01,39,0
351,2025-08-01,53,0
351,2025-09-01,42,0
351,2025-10-01,51,0
351,2025-11-01,44,0
351,2025-12-01,47,0
352,2024-10-01,29,0
352,2024-11-01,29,0
352,2024-12-01,18,0
352,2025-01-01,29,0
352,2025-02-01,27,0
352,2025-03-01,25,0
352,2025-04-01,22,1
352,2025-05-01,26,0
352,2025-06-01,17,0
352,2025-07-01,13,1
352,2025-08-01,23,0
352,2025-09-01,31,0
352,2025-10-01,18,0
352,2025-11-01,23,2
352,2025-12-01,18,0
353,2024-10-01,2,0
353,2024-11-01,4,1
353,2024-12-01,3,1
353,2025-01-01,4,2
354,2024-10-01,10,1
354,2024-11-01,4,0
355,2024-10-01,70,0
355,2024-11-01,59,0
355,2024-12-01,66,0
355,2025-01-01,62,1
355,2025-02-01,48,0
355,2025-03-01,71,0
355,2025-04-01,56,0
355,2025-05-01,70,2
355,2025-06-01,51,0
355,2025-07-01,68,0
355,2025-08-01,60,0
355,2025-09-01,55,0
355,2025-10-01,66,0
355,2025-11-01,66,0
355,2025-12-01,54,1
356,2024-10-01,18,0
356,2024-11-01,6,2
356,2024-12-01,9,1
357,2024-10-01,25,0
357,2024-11-01,31,0
357,2024-12-01,28,0
357,2025-01-01,33,0
357,2025-02-01,33,0
357,2025-03-01,27,0
357,2025-04-01,26,0
357,2025-05-01,32,0
357,2025-06-01,31,1
357,2025-07-01,40,0
357,2025-08-01,41,0
357,2025-09-01,37,0
357,2025-10-01,29,0
357,2025-11-01,35,0
357,2025-12-01,43,1
358,2024-10-01,61,0
358,2024-11-01,63,0
358,2024-12-01,60,2
358,2025-01-01,66,0
358,2025-02-01,51,1
358,2025-03-01,56,0
358,2025-04-01,64,2
358,2025-05-01,68,0
358,2025-06-01,68,0
358,2025-07-01,66,1
358,2025-08-01,58,0
358,2025-09-01,56,0
358,2025-10-01,88,1
358,2025-11-01,67,1
358,2025-12-01,63,0
359,2024-10-01,12,0
359,2024-11-01,19,0
359,2024-12-01,20,0
359,2025-01-01,17,0
359,2025-02-01,19,1
359,2025-03-01,15,0
359,2025-04-01,17,0
359,2025-05-01,22,0
359,2025-06-01,16,0
359,2025-07-01,21,2
359,2025-08-01,13,0
359,2025-09-01,18,1
359,2025-10-01,26,0
359,2025-11-01,11,0
359,2025-12-01,18,0
360,2024-10-01,4,1
360,2024-11-01,5,2
361,2024-10-01,16,0
361,2024-11-01,23,1
361,2024-12-01,21,0
361,2025-01-01,25,0
361,2025-02-01,17,1
361,2025-03-01,26,0
361,2025-04-01,28,1
361,2025-05-01,21,1
361,2025-06-01,19,0
361,2025-07-01,20,1
361,2025-08-01,16,0
361,2025-09-01,12,0
361,2025-10-01,15,1
361,2025-11-01,10,0
361,2025-12-01,6,1
362,2024-10-01,83,0
362,2024-11-01,57,0
362,2024-12-01,75,0
362,2025-01-01,70,0
362,2025-02-01,60,1
362,2025-03-01,72,0
362,2025-04-01,67,0
362,2025-05-01,71,1
362,2025-06-01,66,0
362,2025-07-01,84,1
362,2025-08-01,61,0
362,2025-09-01,46,0
362,2025-10-01,56,0
362,2025-11-01,71,0
362,2025-12-01,63,0
363,2024-10-01,4,0
363,2024-11-01,4,2
364,2024-10-01,41,1
364,2024-11-01,48,0
364,2024-12-01,41,0
364,2025-01-01,24,0
364,2025-02-01,21,0
364,2025-03-01,42,0
364,2025-04-01,38,0
364,2025-05-01,49,0
364,2025-06-01,36,1
364,2025-07-01,32,0
364,2025-08-01,33,0
364,2025-09-01,35,0
364,2025-10-01,45,0
364,2025-11-01,41,0
364,2025-12-01,40,0
365,2024-10-01,2,2
365,2024-11-01,0,3
366,2024-10-01,41,0
366,2024-11-01,57,0
366,2024-12-01,43,0
366,2025-01-01,47,0
366,2025-02-01,42,0
366,2025-03-01,42,0
366,2025-04-01,41,0
366,2025-05-01,43,0
366,2025-06-01,51,0
366,2025-07-01,34,0
366,2025-08-01,52,0
366,2025-09-01,35,0
366,2025-10-01,41,0
366,2025-11-01,35,0
366,2025-12-01,38,0
367,2024-10-01,11,0
367,2024-11-01,9,0
367,2024-12-01,10,0
367,2025-01-01,9,1
367,2025-02-01,11,0
367,2025-03-01,4,3
367,2025-04-01,4,2
368,2024-10-01,16,1
368,2024-11-01,24,1
368,2024-12-01,19,0
368,2025-01-01,13,1
368,2025-02-01,12,0
368,2025-03-01,20,0
368,2025-04-01,17,0
368,2025-05-01,22,1
368,2025-06-01,24,0
368,2025-07-01,18,0
368,2025-08-01,15,0
368,2025-09-01,17,1
368,2025-10-01,17,0
368,2025-11-01,22,0
368,2025-12-01,21,1
369,2024-10-01,35,0
369,2024-11-01,33,0
369,2024-12-01,44,0
369,2025-01-01,47,0
369,2025-02-01,42,0
369,2025-03-01,43,0
369,2025-04-01,50,0
369,2025-05-01,26,2
369,2025-06-01,41,0
369,2025-07-01,43,0
369,2025-08-01,40,0
369,2025-09-01,44,2
369,2025-10-01,40,1
369,2025-11-01,35,1
369,2025-12-01,34,0
370,2024-10-01,11,1
370,2024-11-01,24,1
370,2024-12-01,21,0
370,2025-01-01,30,0
370,2025-02-01,34,0
370,2025-03-01,25,0
370,2025-04-01,23,0
370,2025-05-01,22,0
370,2025-06-01,40,0
370,2025-07-01,29,1
370,2025-08-01,34,0
370,2025-09-01,30,2
370,2025-10-01,24,0
370,2025-11-01,28,0
370,2025-12-01,22,0
371,2024-10-01,36,1
371,2024-11-01,21,0
371,2024-12-01,22,1
371,2025-01-01,20,0
371,2025-02-01,17,0
371,2025-03-01,21,0
371,2025-04-01,17,0
371,2025-05-01,15,0
371,2025-06-01,11,0
371,2025-07-01,26,0
371,2025-08-01,23,0
371,2025-09-01,29,0
371,2025-10-01,15,2
371,2025-11-01,11,0
371,2025-12-01,7,0
372,2024-10-01,33,2
372,2024-11-01,25,0
372,2024-12-01,36,0
372,2025-01-01,29,0
372,2025-02-01,38,0
372,2025-03-01,31,0
372,2025-04-01,31,0
372,2025-05-01,31,2
372,2025-06-01,37,1
372,2025-07-01,28,1
372,2025-08-01,24,0
372,2025-09-01,23,2
372,2025-10-01,10,0
373,2024-10-01,13,1
373,2024-11-01,14,0
373,2024-12-01,10,1
373,2025-01-01,11,0
373,2025-02-01,22,0
373,2025-03-01,16,0
373,2025-04-01,22,1
373,2025-05-01,20,0
373,2025-06-01,13,0
373,2025-07-01,19,0
373,2025-08-01,10,0
373,2025-09-01,14,1
373,2025-10-01,13,0
373,2025-11-01,19,0
373,2025-12-01,14,0
374,2024-10-01,13,0
374,2024-11-01,17,0
374,2024-12-01,5,0
374,2025-01-01,21,0
374,2025-02-01,19,0
374,2025-03-01,22,0
374,2025-04-01,13,0
374,2025-05-01,17,1
374,2025-06-01,19,0
374,2025-07-01,13,1
374,2025-08-01,16,0
374,2025-09-01,17,0
374,2025-10-01,15,0
374,2025-11-01,18,0
374,2025-12-01,12,1
375,2024-10-01,28,0
375,2024-11-01,14,0
375,2024-12-01,27,0
375,2025-01-01,32,0
375,2025-02-01,19,1
375,2025-03-01,28,0
375,2025-04-01,20,0
375,2025-05-01,20,0
375,2025-06-01,23,0
375,2025-07-01,20,0
375,2025-08-01,23,1
375,2025-09-01,26,0
375,2025-10-01,19,0
375,2025-11-01,23,0
375,2025-12-01,21,0
376,2024-10-01,36,1
376,2024-11-01,28,0
376,2024-12-01,32,0
376,2025-01-01,44,0
376,2025-02-01,35,0
376,2025-03-01,28,0
376,2025-04-01,33,1
376,2025-05-01,28,0
376,2025-06-01,30,1
376,2025-07-01,28,1
376,2025-08-01,34,0
376,2025-09-01,26,0
376,2025-10-01,32,0
376,2025-11-01,34,0
376,2025-12-01,35,1
377,2024-10-01,62,1
377,2024-11-01,64,0
377,2024-12-01,55,1
377,2025-01-01,52,0
377,2025-02-01,46,1
377,2025-03-01,48,0
377,2025-04-01,46,0
377,2025-05-01,63,2
377,2025-06-01,54,0
377,2025-07-01,66,0
377,2025-08-01,65,0
377,2025-09-01,67,0
377,2025-10-01,64,0
377,2025-11-01,58,0
377,2025-12-01,70,0
378,2024-10-01,11,0
378,2024-11-01,17,0
378,2024-12-01,10,0
378,2025-01-01,16,1
378,2025-02-01,18,0
378,2025-03-01,13,0
378,2025-04-01,17,1
378,2025-05-01,12,0
378,2025-06-01,13,0
378,2025-07-01,10,1
378,2025-08-01,19,0
378,2025-09-01,11,1
378,2025-10-01,16,0
378,2025-11-01,12,0
378,2025-12-01,8,0
379,2024-10-01,28,1
379,2024-11-01,20,2
379,2024-12-01,30,0
379,2025-01-01,27,0
379,2025-02-01,34,1
379,2025-03-01,23,1
379,2025-04-01,22,2
379,2025-05-01,34,1
379,2025-06-01,27,0
379,2025-07-01,33,0
379,2025-08-01,18,0
379,2025-09-01,29,0
379,2025-10-01,28,0
379,2025-11-01,32,0
379,2025-12-01,32,0
380,2024-10-01,24,0
380,2024-11-01,29,0
380,2024-12-01,29,1
380,2025-01-01,28,0
380,2025-02-01,23,2
380,2025-03-01,22,2
380,2025-04-01,29,0
380,2025-05-01,22,0
380,2025-06-01,22,0
380,2025-07-01,36,0
380,2025-08-01,19,0
380,2025-09-01,25,0
380,2025-10-01,38,0
380,2025-11-01,10,0
380,2025-12-01,23,0
381,2024-10-01,10,0
381,2024-11-01,19,0
381,2024-12-01,16,1
381,2025-01-01,13,0
381,2025-02-01,18,0
381,2025-03-01,7,0
381,2025-04-01,5,2
382,2024-10-01,14,0
382,2024-11-01,21,0
382,2024-12-01,19,0
382,2025-01-01,17,1
382,2025-02-01,19,0
382,2025-03-01,14,1
382,2025-04-01,26,1
382,2025-05-01,24,0
382,2025-06-01,9,1
382,2025-07-01,9,0
382,2025-08-01,9,1
383,2024-10-01,12,1
383,2024-11-01,16,0
383,2024-12-01,18,0
383,2025-01-01,6,1
383,2025-02-01,10,0
383,2025-03-01,4,1
384,2024-10-01,10,0
384,2024-11-01,4,0
384,2024-12-01,7,0
385,2024-10-01,8,0
385,2024-11-01,8,0
385,2024-12-01,8,3
386,2024-10-01,35,0
386,2024-11-01,34,0
386,2024-12-01,50,1
386,2025-01-01,56,0
386,2025-02-01,40,0
386,2025-03-01,46,0
386,2025-04-01,36,0
386,2025-05-01,38,0
386,2025-06-01,59,0
386,2025-07-01,51,1
386,2025-08-01,48,2
386,2025-09-01,40,0
386,2025-10-01,55,0
386,2025-11-01,44,0
386,2025-12-01,41,1
387,2024-10-01,14,1
387,2024-11-01,15,1
387,2024-12-01,11,1
387,2025-01-01,13,0
387,2025-02-01,9,1
387,2025-03-01,15,0
387,2025-04-01,8,0
387,2025-05-01,12,1
387,2025-06-01,12,0
387,2025-07-01,14,0
387,2025-08-01,21,0
387,2025-09-01,15,0
387,2025-10-01,19,0
388,2024-11-01,14,0
388,2024-12-01,7,1
388,2025-01-01,13,0
388,2025-02-01,11,0
388,2025-03-01,12,0
388,2025-04-01,10,0
388,2025-05-01,8,0
388,2025-06-01,6,0
388,2025-07-01,13,1
388,2025-08-01,10,0
388,2025-09-01,17,0
388,2025-10-01,13,0
388,2025-11-01,8,3
388,2025-12-01,5,1
389,2024-11-01,13,0
389,2024-12-01,15,1
389,2025-01-01,10,0
389,2025-02-01,12,1
389,2025-03-01,17,0
389,2025-04-01,10,1
389,2025-05-01,9,0
389,2025-06-01,16,1
389,2025-07-01,13,0
389,2025-08-01,22,0
389,2025-09-01,18,0
389,2025-10-01,19,0
389,2025-11-01,19,0
389,2025-12-01,7,1
390,2024-11-01,27,0
390,2024-12-01,25,1
390,2025-01-01,14,0
390,2025-02-01,29,0
390,2025-03-01,37,0
390,2025-04-01,33,0
390,2025-05-01,28,0
390,2025-06-01,29,0
390,2025-07-01,20,1
390,2025-08-01,24,3
390,2025-09-01,20,0
390,2025-10-01,8,0
391,2024-11-01,13,0
391,2024-12-01,12,1
391,2025-01-01,13,0
391,2025-02-01,11,1
391,2025-03-01,15,0
391,2025-04-01,12,0
391,2025-05-01,15,0
391,2025-06-01,8,1
391,2025-07-01,7,0
392,2024-11-01,30,0
392,2024-12-01,31,0
392,2025-01-01,27,0
392,2025-02-01,31,0
392,2025-03-01,41,1
392,2025-04-01,35,1
392,2025-05-01,25,1
392,2025-06-01,26,0
392,2025-07-01,24,1
392,2025-08-01,24,0
392,2025-09-01,25,1
392,2025-10-01,27,0
392,2025-11-01,22,0
392,2025-12-01,25,0
393,2024-11-01,22,0
393,2024-12-01,19,0
393,2025-01-01,11,0
393,2025-02-01,13,0
393,2025-03-01,14,0
394,2024-11-01,14,0
394,2024-12-01,22,1
394,2025-01-01,20,0
394,2025-02-01,17,0
394,2025-03-01,12,0
394,2025-04-01,21,0
394,2025-05-01,19,0
394,2025-06-01,24,0
394,2025-07-01,20,0
394,2025-08-01,25,0
394,2025-09-01,20,1
394,2025-10-01,23,1
394,2025-11-01,23,0
394,2025-12-01,20,0
395,2024-11-01,18,0
395,2024-12-01,21,0
395,2025-01-01,18,0
395,2025-02-01,20,0
395,2025-03-01,19,1
395,2025-04-01,12,1
395,2025-05-01,12,0
396,2024-11-01,13,1
396,2024-12-01,12,0
396,2025-01-01,10,0
396,2025-02-01,20,0
396,2025-03-01,19,1
396,2025-04-01,16,0
396,2025-05-01,10,0
396,2025-06-01,22,0
396,2025-07-01,6,0
396,2025-08-01,15,2
396,2025-09-01,11,1
396,2025-10-01,24,0
396,2025-11-01,14,0
396,2025-12-01,18,0
397,2024-11-01,17,0
397,2024-12-01,35,1
397,2025-01-01,22,1
397,2025-02-01,27,0
397,2025-03-01,19,3
397,2025-04-01,28,0
397,2025-05-01,30,0
397,2025-06-01,26,0
397,2025-07-01,27,0
397,2025-08-01,26,0
397,2025-09-01,32,1
397,2025-10-01,27,0
397,2025-11-01,22,0
397,2025-12-01,27,0
398,2024-11-01,29,0
398,2024-12-01,28,2
398,2025-01-01,29,0
398,2025-02-01,29,0
398,2025-03-01,23,0
398,2025-04-01,23,0
398,2025-05-01,31,0
398,2025-06-01,23,1
398,2025-07-01,31,1
398,2025-08-01,28,0
398,2025-09-01,20,1
398,2025-10-01,23,0
398,2025-11-01,17,2
398,2025-12-01,10,1
399,2024-11-01,23,0
399,2024-12-01,22,0
399,2025-01-01,28,0
399,2025-02-01,32,1
399,2025-03-01,25,0
399,2025-04-01,25,0
399,2025-05-01,18,0
399,2025-06-01,17,1
399,2025-07-01,4,2
400,2024-11-01,23,0
400,2024-12-01,23,0
400,2025-01-01,19,0
400,2025-02-01,24,2
400,2025-03-01,22,0
400,2025-04-01,28,0
400,2025-05-01,22,0
400,2025-06-01,20,0
400,2025-07-01,15,0
400,2025-08-01,20,0
400,2025-09-01,17,0
400,2025-10-01,20,0
400,2025-11-01,29,0
400,2025-12-01,16,0
401,2024-11-01,19,0
401,2024-12-01,21,0
401,2025-01-01,24,0
401,2025-02-01,23,1
401,2025-03-01,13,0
401,2025-04-01,27,1
401,2025-05-01,19,0
401,2025-06-01,17,0
401,2025-07-01,18,0
401,2025-08-01,15,0
401,2025-09-01,17,0
401,2025-10-01,22,0
401,2025-11-01,23,0
401,2025-12-01,21,0
402,2024-11-01,16,0
402,2024-12-01,11,0
402,2025-01-01,16,0
402,2025-02-01,17,1
402,2025-03-01,24,0
402,2025-04-01,16,0
402,2025-05-01,11,0
403,2024-11-01,15,0
403,2024-12-01,4,0
403,2025-01-01,21,1
403,2025-02-01,13,0
403,2025-03-01,13,0
403,2025-04-01,9,0
403,2025-05-01,15,0
403,2025-06-01,17,0
403,2025-07-01,15,0
403,2025-08-01,7,0
403,2025-09-01,16,0
403,2025-10-01,15,0
403,2025-11-01,14,0
403,2025-12-01,16,0
404,2024-11-01,45,0
404,2024-12-01,46,0
404,2025-01-01,41,0
404,2025-02-01,37,1
404,2025-03-01,32,1
404,2025-04-01,47,0
404,2025-05-01,60,0
404,2025-06-01,49,2
404,2025-07-01,47,1
404,2025-08-01,43,0
404,2025-09-01,45,0
404,2025-10-01,52,1
404,2025-11-01,52,1
404,2025-12-01,47,0
405,2024-11-01,17,1
405,2024-12-01,15,0
405,2025-01-01,16,0
405,2025-02-01,21,0
405,2025-03-01,18,1
405,2025-04-01,13,0
405,2025-05-01,19,0
405,2025-06-01,17,0
405,2025-07-01,21,0
405,2025-08-01,15,1
405,2025-09-01,14,0
405,2025-10-01,19,0
405,2025-11-01,16,0
405,2025-12-01,15,0
406,2024-11-01,42,0
406,2024-12-01,33,0
406,2025-01-01,41,0
406,2025-02-01,37,0
406,2025-03-01,40,0
406,2025-04-01,32,0
406,2025-05-01,41,1
406,2025-06-01,32,1
406,2025-07-01,32,0
406,2025-08-01,42,0
406,2025-09-01,46,0
406,2025-10-01,35,0
406,2025-11-01,28,0
406,2025-12-01,40,1
407,2024-11-01,15,1
407,2024-12-01,12,0
407,2025-01-01,8,0
407,2025-02-01,19,0
407,2025-03-01,24,1
407,2025-04-01,21,0
407,2025-05-01,17,0
407,2025-06-01,12,0
407,2025-07-01,11,0
407,2025-08-01,14,0
407,2025-09-01,14,0
407,2025-10-01,8,0
407,2025-11-01,21,0
407,2025-12-01,18,0
408,2024-11-01,10,1
408,2024-12-01,12,0
409,2024-11-01,15,0
409,2024-12-01,9,0
409,2025-01-01,13,0
409,2025-02-01,12,1
409,2025-03-01,18,0
409,2025-04-01,12,1
409,2025-05-01,4,2
409,2025-06-01,3,1
410,2024-11-01,17,0
410,2024-12-01,29,0
410,2025-01-01,15,0
410,2025-02-01,27,0
410,2025-03-01,25,1
410,2025-04-01,24,0
410,2025-05-01,14,0
410,2025-06-01,15,0
410,2025-07-01,20,0
410,2025-08-01,20,0
410,2025-09-01,19,1
411,2024-11-01,17,0
411,2024-12-01,27,2
411,2025-01-01,21,0
411,2025-02-01,21,0
412,2024-11-01,25,0
412,2024-12-01,24,0
412,2025-01-01,12,0
412,2025-02-01,22,0
412,2025-03-01,16,0
412,2025-04-01,25,1
412,2025-05-01,19,2
412,2025-06-01,14,1
412,2025-07-01,18,1
412,2025-08-01,23,0
412,2025-09-01,10,0
412,2025-10-01,0,0
413,2024-11-01,27,0
413,2024-12-01,37,0
413,2025-01-01,27,0
413,2025-02-01,36,0
413,2025-03-01,35,1
413,2025-04-01,36,0
413,2025-05-01,36,0
413,2025-06-01,34,0
413,2025-07-01,28,1
413,2025-08-01,25,0
413,2025-09-01,34,0
413,2025-10-01,30,0
413,2025-11-01,30,0
413,2025-12-01,29,0
414,2024-11-01,34,1
414,2024-12-01,42,0
414,2025-01-01,43,1
414,2025-02-01,35,0
414,2025-03-01,28,0
414,2025-04-01,49,0
414,2025-05-01,48,2
414,2025-06-01,53,0
414,2025-07-01,56,0
414,2025-08-01,54,0
414,2025-09-01,41,0
414,2025-10-01,46,0
414,2025-11-01,41,1
414,2025-12-01,46,0
415,2024-11-01,15,0
415,2024-12-01,12,0
415,2025-01-01,21,0
415,2025-02-01,15,0
415,2025-03-01,15,2
415,2025-04-01,10,0
415,2025-05-01,6,2
416,2024-11-01,16,0
416,2024-12-01,14,1
417,2024-11-01,15,0
417,2024-12-01,16,0
417,2025-01-01,15,0
417,2025-02-01,17,1
417,2025-03-01,15,1
417,2025-04-01,19,1
417,2025-05-01,24,0
417,2025-06-01,20,0
417,2025-07-01,15,1
417,2025-08-01,14,0
417,2025-09-01,15,2
417,2025-10-01,22,0
417,2025-11-01,13,1
417,2025-12-01,20,0
418,2024-11-01,14,0
418,2024-12-01,10,0
418,2025-01-01,12,1
418,2025-02-01,7,0
418,2025-03-01,11,0
418,2025-04-01,12,1
418,2025-05-01,5,0
418,2025-06-01,13,0
418,2025-07-01,7,0
418,2025-08-01,9,0
418,2025-09-01,7,1
418,2025-10-01,13,0
418,2025-11-01,20,1
418,2025-12-01,6,0
419,2024-11-01,54,1
419,2024-12-01,54,0
419,2025-01-01,67,0
419,2025-02-01,52,0
419,2025-03-01,61,1
419,2025-04-01,57,1
419,2025-05-01,75,0
419,2025-06-01,55,1
419,2025-07-01,51,2
419,2025-08-01,53,0
419,2025-09-01,81,1
419,2025-10-01,53,0
419,2025-11-01,64,0
419,2025-12-01,55,1
420,2024-11-01,2,0
420,2024-12-01,4,0
420,2025-01-01,5,0
420,2025-02-01,2,0
420,2025-03-01,2,0
421,2024-11-01,16,0
421,2024-12-01,16,1
421,2025-01-01,8,1
421,2025-02-01,10,0
421,2025-03-01,17,0
421,2025-04-01,17,0
421,2025-05-01,4,0
421,2025-06-01,17,0
421,2025-07-01,15,0
421,2025-08-01,13,0
421,2025-09-01,13,0
421,2025-10-01,12,2
421,2025-11-01,4,0
421,2025-12-01,4,0
422,2024-11-01,35,0
422,2024-12-01,40,0
422,2025-01-01,37,0
422,2025-02-01,22,0
422,2025-03-01,35,0
422,2025-04-01,28,0
422,2025-05-01,33,0
422,2025-06-01,41,0
422,2025-07-01,38,0
422,2025-08-01,23,0
422,2025-09-01,43,0
422,2025-10-01,34,0
422,2025-11-01,38,0
422,2025-12-01,21,1
423,2024-11-01,20,0
423,2024-12-01,19,1
423,2025-01-01,9,1
423,2025-02-01,17,0
423,2025-03-01,22,0
423,2025-04-01,20,0
423,2025-05-01,14,0
423,2025-06-01,16,0
423,2025-07-01,12,0
423,2025-08-01,22,0
423,2025-09-01,19,0
423,2025-10-01,19,0
423,2025-11-01,17,0
423,2025-12-01,14,0
424,2024-11-01,11,2
424,2024-12-01,12,0
424,2025-01-01,7,0
424,2025-02-01,13,0
424,2025-03-01,14,0
424,2025-04-01,14,0
424,2025-05-01,16,0
424,2025-06-01,8,0
424,2025-07-01,9,0
425,2024-11-01,27,0
425,2024-12-01,24,0
425,2025-01-01,22,1
425,2025-02-01,14,1
425,2025-03-01,12,0
425,2025-04-01,6,1
426,2024-11-01,32,1
426,2024-12-01,23,0
426,2025-01-01,30,1
426,2025-02-01,31,1
426,2025-03-01,38,0
426,2025-04-01,33,0
426,2025-05-01,30,0
426,2025-06-01,30,0
426,2025-07-01,25,0
426,2025-08-01,24,0
426,2025-09-01,24,0
426,2025-10-01,22,1
426,2025-11-01,30,0
426,2025-12-01,38,0
427,2024-11-01,9,0
427,2024-12-01,0,1
428,2024-12-01,8,2
428,2025-01-01,14,0
428,2025-02-01,12,1
428,2025-03-01,15,0
428,2025-04-01,17,0
428,2025-05-01,9,2
428,2025-06-01,3,1
429,2024-12-01,17,0
429,2025-01-01,17,2
429,2025-02-01,14,0
429,2025-03-01,15,0
429,2025-04-01,14,0
429,2025-05-01,26,0
429,2025-06-01,12,0
429,2025-07-01,25,0
429,2025-08-01,17,0
429,2025-09-01,16,0
429,2025-10-01,13,0
429,2025-11-01,17,0
429,2025-12-01,16,1
430,2024-12-01,14,1
431,2024-12-01,23,0
431,2025-01-01,28,1
431,2025-02-01,18,0
431,2025-03-01,18,1
431,2025-04-01,25,1
431,2025-05-01,23,0
431,2025-06-01,26,0
431,2025-07-01,35,0
431,2025-08-01,20,0
431,2025-09-01,26,0
431,2025-10-01,28,0
431,2025-11-01,21,0
431,2025-12-01,18,1
432,2024-12-01,45,0
432,2025-01-01,45,1
432,2025-02-01,59,0
432,2025-03-01,50,1
432,2025-04-01,35,1
432,2025-05-01,66,0
432,2025-06-01,54,2
432,2025-07-01,41,1
432,2025-08-01,45,0
432,2025-09-01,60,0
432,2025-10-01,38,0
432,2025-11-01,69,0
432,2025-12-01,31,0
433,2024-12-01,23,0
433,2025-01-01,13,0
434,2024-12-01,25,0
434,2025-01-01,14,1
434,2025-02-01,25,0
434,2025-03-01,14,0
434,2025-04-01,18,0
434,2025-05-01,22,0
434,2025-06-01,19,0
435,2024-12-01,45,0
435,2025-01-01,54,0
435,2025-02-01,37,0
435,2025-03-01,54,1
435,2025-04-01,41,0
435,2025-05-01,44,0
435,2025-06-01,42,0
435,2025-07-01,44,1
435,2025-08-01,37,0
435,2025-09-01,52,0
435,2025-10-01,45,0
435,2025-11-01,47,1
435,2025-12-01,37,0
436,2024-12-01,20,0
436,2025-01-01,16,0
436,2025-02-01,35,0
436,2025-03-01,16,0
436,2025-04-01,20,0
436,2025-05-01,22,0
436,2025-06-01,28,1
436,2025-07-01,19,0
436,2025-08-01,16,3
436,2025-09-01,13,1
437,2024-12-01,13,0
437,2025-01-01,5,3
438,2024-12-01,22,0
438,2025-01-01,15,1
438,2025-02-01,24,1
438,2025-03-01,23,1
438,2025-04-01,25,1
438,2025-05-01,25,0
438,2025-06-01,16,0
438,2025-07-01,25,0
438,2025-08-01,25,0
438,2025-09-01,24,0
438,2025-10-01,16,1
438,2025-11-01,16,0
438,2025-12-01,29,0
439,2024-12-01,30,1
439,2025-01-01,21,1
439,2025-02-01,32,0
439,2025-03-01,29,0
439,2025-04-01,25,0
439,2025-05-01,23,0
439,2025-06-01,29,1
439,2025-07-01,28,0
439,2025-08-01,30,1
439,2025-09-01,27,0
439,2025-10-01,34,0
439,2025-11-01,18,1
439,2025-12-01,20,1
440,2024-12-01,16,0
440,2025-01-01,22,0
440,2025-02-01,24,0
440,2025-03-01,11,0
440,2025-04-01,19,0
440,2025-05-01,6,1
440,2025-06-01,19,0
440,2025-07-01,9,0
440,2025-08-01,29,0
440,2025-09-01,22,0
440,2025-10-01,7,1
440,2025-11-01,12,1
440,2025-12-01,12,2
441,2024-12-01,17,0
441,2025-01-01,12,0
441,2025-02-01,12,0
441,2025-03-01,6,0
441,2025-04-01,13,0
441,2025-05-01,17,1
441,2025-06-01,21,0
441,2025-07-01,9,1
441,2025-08-01,10,1
441,2025-09-01,14,1
441,2025-10-01,9,1
441,2025-11-01,11,1
441,2025-12-01,12,0
442,2024-12-01,23,0
442,2025-01-01,17,0
442,2025-02-01,24,0
442,2025-03-01,19,0
442,2025-04-01,21,0
442,2025-05-01,14,1
442,2025-06-01,11,0
442,2025-07-01,16,0
442,2025-08-01,14,1
442,2025-09-01,19,0
442,2025-10-01,21,0
442,2025-11-01,18,0
442,2025-12-01,18,0
443,2024-12-01,7,0
443,2025-01-01,11,1
443,2025-02-01,5,0
443,2025-03-01,13,0
443,2025-04-01,7,0
443,2025-05-01,8,1
443,2025-06-01,5,1
443,2025-07-01,9,0
443,2025-08-01,12,0
443,2025-09-01,12,0
443,2025-10-01,11,0
443,2025-11-01,12,1
443,2025-12-01,10,0
444,2024-12-01,43,0
444,2025-01-01,46,0
444,2025-02-01,58,0
444,2025-03-01,51,0
444,2025-04-01,43,0
444,2025-05-01,47,2
444,2025-06-01,40,0
444,2025-07-01,49,0
444,2025-08-01,46,1
444,2025-09-01,43,1
444,2025-10-01,46,0
444,2025-11-01,38,1
444,2025-12-01,46,0
445,2024-12-01,23,0
445,2025-01-01,19,0
445,2025-02-01,22,0
445,2025-03-01,17,0
445,2025-04-01,20,0
445,2025-05-01,25,0
445,2025-06-01,18,0
445,2025-07-01,20,0
445,2025-08-01,21,0
445,2025-09-01,16,0
445,2025-10-01,20,0
445,2025-11-01,17,0
445,2025-12-01,13,0
446,2024-12-01,13,1
446,2025-01-01,15,0
446,2025-02-01,10,0
446,2025-03-01,18,1
446,2025-04-01,11,0
446,2025-05-01,9,0
446,2025-06-01,12,2
446,2025-07-01,15,0
446,2025-08-01,14,0
446,2025-09-01,23,0
446,2025-10-01,14,1
446,2025-11-01,14,0
446,2025-12-01,15,1
447,2024-12-01,32,0
447,2025-01-01,25,0
447,2025-02-01,33,0
447,2025-03-01,19,0
448,2024-12-01,40,0
448,2025-01-01,26,1
448,2025-02-01,28,1
448,2025-03-01,36,0
448,2025-04-01,24,0
448,2025-05-01,41,0
448,2025-06-01,35,1
448,2025-07-01,25,0
448,2025-08-01,34,0
448,2025-09-01,23,0
448,2025-10-01,28,1
448,2025-11-01,27,1
448,2025-12-01,36,0
449,2024-12-01,27,1
449,2025-01-01,13,0
449,2025-02-01,12,0
449,2025-03-01,17,1
449,2025-04-01,16,1
449,2025-05-01,19,0
449,2025-06-01,16,0
449,2025-07-01,17,0
449,2025-08-01,19,0
449,2025-09-01,14,0
449,2025-10-01,15,0
449,2025-11-01,20,0
449,2025-12-01,19,0
450,2024-12-01,17,1
450,2025-01-01,25,0
450,2025-02-01,25,1
450,2025-03-01,18,0
450,2025-04-01,25,0
450,2025-05-01,18,1
450,2025-06-01,26,1
450,2025-07-01,26,0
450,2025-08-01,26,1
450,2025-09-01,24,0
450,2025-10-01,23,0
450,2025-11-01,26,0
450,2025-12-01,27,0
451,2024-12-01,15,0
451,2025-01-01,24,0
451,2025-02-01,17,1
451,2025-03-01,9,0
451,2025-04-01,29,0
451,2025-05-01,20,0
451,2025-06-01,12,1
451,2025-07-01,18,1
451,2025-08-01,15,1
451,2025-09-01,21,0
451,2025-10-01,17,1
451,2025-11-01,20,0
451,2025-12-01,22,0
452,2024-12-01,8,0
452,2025-01-01,5,2
453,2024-12-01,20,0
453,2025-01-01,15,0
453,2025-02-01,17,0
453,2025-03-01,21,0
453,2025-04-01,16,0
453,2025-05-01,18,0
453,2025-06-01,13,0
453,2025-07-01,19,0
453,2025-08-01,17,1
453,2025-09-01,19,0
453,2025-10-01,16,0
453,2025-11-01,11,0
453,2025-12-01,17,0
454,2024-12-01,22,0
454,2025-01-01,17,0
454,2025-02-01,18,1
454,2025-03-01,16,0
454,2025-04-01,20,0
454,2025-05-01,4,0
454,2025-06-01,14,0
454,2025-07-01,18,1
454,2025-08-01,24,0
454,2025-09-01,21,1
454,2025-10-01,17,1
454,2025-11-01,11,0
454,2025-12-01,21,0
455,2024-12-01,2,1
455,2025-01-01,3,0
456,2024-12-01,11,0
456,2025-01-01,14,0
456,2025-02-01,3,0
456,2025-03-01,9,0
456,2025-04-01,6,0
456,2025-05-01,12,0
456,2025-06-01,6,0
456,2025-07-01,6,0
456,2025-08-01,7,0
456,2025-09-01,10,1
456,2025-10-01,9,0
456,2025-11-01,9,0
456,2025-12-01,11,1
457,2024-12-01,13,0
457,2025-01-01,20,1
457,2025-02-01,20,0
457,2025-03-01,29,0
457,2025-04-01,36,0
457,2025-05-01,25,1
457,2025-06-01,19,0
457,2025-07-01,31,0
457,2025-08-01,19,0
457,2025-09-01,22,1
457,2025-10-01,31,1
457,2025-11-01,27,0
457,2025-12-01,29,0
458,2024-12-01,14,0
458,2025-01-01,17,0
458,2025-02-01,19,0
458,2025-03-01,12,0
458,2025-04-01,18,1
458,2025-05-01,13,0
458,2025-06-01,8,0
458,2025-07-01,5,1
458,2025-08-01,4,2
459,2024-12-01,15,1
459,2025-01-01,25,0
459,2025-02-01,22,0
460,2024-12-01,40,0
460,2025-01-01,42,2
460,2025-02-01,37,0
460,2025-03-01,43,0
460,2025-04-01,42,0
460,2025-05-01,34,0
460,2025-06-01,42,0
460,2025-07-01,37,0
460,2025-08-01,37,2
460,2025-09-01,28,0
460,2025-10-01,36,1
460,2025-11-01,48,0
460,2025-12-01,41,0
461,2024-12-01,26,0
461,2025-01-01,34,0
461,2025-02-01,39,0
461,2025-03-01,39,0
461,2025-04-01,39,0
461,2025-05-01,45,0
461,2025-06-01,36,0
461,2025-07-01,36,1
461,2025-08-01,40,0
461,2025-09-01,28,0
461,2025-10-01,36,0
461,2025-11-01,22,0
461,2025-12-01,34,0
462,2024-12-01,11,1
462,2025-01-01,24,1
462,2025-02-01,17,0
462,2025-03-01,17,1
462,2025-04-01,15,0
462,2025-05-01,13,0
462,2025-06-01,20,1
462,2025-07-01,17,1
462,2025-08-01,9,4
462,2025-09-01,10,1
462,2025-10-01,8,2
463,2024-12-01,8,2
463,2025-01-01,6,1
464,2024-12-01,14,0
464,2025-01-01,17,0
464,2025-02-01,12,0
464,2025-03-01,10,0
464,2025-04-01,10,1
464,2025-05-01,11,0
464,2025-06-01,17,0
464,2025-07-01,12,0
465,2024-12-01,11,0
465,2025-01-01,15,1
465,2025-02-01,10,0
465,2025-03-01,18,0
465,2025-04-01,16,0
465,2025-05-01,14,0
465,2025-06-01,15,0
465,2025-07-01,11,0
465,2025-08-01,10,0
466,2024-12-01,10,0
466,2025-01-01,8,0
466,2025-02-01,11,0
466,2025-03-01,6,0
466,2025-04-01,11,0
466,2025-05-01,9,1
466,2025-06-01,12,0
466,2025-07-01,9,2
466,2025-08-01,11,0
466,2025-09-01,9,0
466,2025-10-01,11,0
466,2025-11-01,4,0
466,2025-12-01,5,0
467,2024-12-01,28,1
467,2025-01-01,23,0
467,2025-02-01,32,0
467,2025-03-01,24,0
467,2025-04-01,27,0
467,2025-05-01,27,0
467,2025-06-01,25,1
467,2025-07-01,19,0
467,2025-08-01,26,0
467,2025-09-01,25,0
467,2025-10-01,34,0
467,2025-11-01,22,0
467,2025-12-01,32,2
468,2024-12-01,24,1
468,2025-01-01,19,1
468,2025-02-01,19,0
468,2025-03-01,15,0
468,2025-04-01,12,0
468,2025-05-01,18,2
468,2025-06-01,26,0
468,2025-07-01,16,0
468,2025-08-01,17,0
468,2025-09-01,20,1
468,2025-10-01,31,0
468,2025-11-01,16,0
468,2025-12-01,21,0
469,2024-12-01,13,0
469,2025-01-01,14,0
469,2025-02-01,11,0
469,2025-03-01,8,1
469,2025-04-01,12,0
469,2025-05-01,12,1
469,2025-06-01,9,1
469,2025-07-01,6,1
470,2024-12-01,16,1
470,2025-01-01,8,0
470,2025-02-01,1,0
471,2024-12-01,29,1
471,2025-01-01,15,0
471,2025-02-01,33,0
471,2025-03-01,26,0
471,2025-04-01,25,0
471,2025-05-01,22,0
471,2025-06-01,16,1
471,2025-07-01,21,0
471,2025-08-01,26,0
471,2025-09-01,23,0
471,2025-10-01,16,1
471,2025-11-01,13,0
471,2025-12-01,22,0
472,2024-12-01,28,0
472,2025-01-01,22,0
472,2025-02-01,21,0
472,2025-03-01,27,0
472,2025-04-01,15,1
472,2025-05-01,15,2
472,2025-06-01,2,2
473,2024-12-01,20,0
473,2025-01-01,15,0
473,2025-02-01,15,0
473,2025-03-01,19,0
473,2025-04-01,14,0
473,2025-05-01,19,0
473,2025-06-01,20,0
473,2025-07-01,20,0
473,2025-08-01,24,0
473,2025-09-01,14,0
473,2025-10-01,13,0
473,2025-11-01,13,1
473,2025-12-01,17,0
474,2024-12-01,12,0
474,2025-01-01,13,0
474,2025-02-01,13,0
474,2025-03-01,8,0
474,2025-04-01,16,0
474,2025-05-01,7,0
474,2025-06-01,9,0
474,2025-07-01,15,0
474,2025-08-01,11,1
474,2025-09-01,10,2
474,2025-10-01,12,0
474,2025-11-01,3,0
474,2025-12-01,7,2
475,2024-12-01,22,0
475,2025-01-01,13,0
475,2025-02-01,20,0
475,2025-03-01,22,0
475,2025-04-01,10,1
475,2025-05-01,12,0
475,2025-06-01,13,0
475,2025-07-01,21,0
475,2025-08-01,14,0
475,2025-09-01,12,0
475,2025-10-01,20,1
475,2025-11-01,24,1
475,2025-12-01,15,1
476,2024-12-01,22,1
476,2025-01-01,17,0
476,2025-02-01,27,1
476,2025-03-01,26,0
476,2025-04-01,23,0
476,2025-05-01,19,0
476,2025-06-01,22,0
476,2025-07-01,29,1
476,2025-08-01,22,0
476,2025-09-01,28,0
476,2025-10-01,23,0
476,2025-11-01,33,0
476,2025-12-01,27,0
477,2024-12-01,49,0
477,2025-01-01,53,0
477,2025-02-01,55,0
477,2025-03-01,46,0
477,2025-04-01,56,0
477,2025-05-01,53,0
477,2025-06-01,39,0
477,2025-07-01,44,1
477,2025-08-01,46,0
477,2025-09-01,41,3
477,2025-10-01,37,0
477,2025-11-01,27,1
477,2025-12-01,17,1
478,2024-12-01,16,0
478,2025-01-01,23,0
478,2025-02-01,14,1
478,2025-03-01,21,1
478,2025-04-01,18,1
478,2025-05-01,14,2
478,2025-06-01,18,0
478,2025-07-01,13,0
478,2025-08-01,17,0
478,2025-09-01,17,0
478,2025-10-01,24,0
478,2025-11-01,26,0
478,2025-12-01,16,0
479,2024-12-01,14,1
479,2025-01-01,12,1
479,2025-02-01,5,1
479,2025-03-01,8,0
479,2025-04-01,9,0
479,2025-05-01,8,0
479,2025-06-01,8,2
479,2025-07-01,16,0
479,2025-08-01,8,0
479,2025-09-01,10,0
479,2025-10-01,5,1
479,2025-11-01,15,1
479,2025-12-01,13,0
480,2024-12-01,51,0
480,2025-01-01,57,1
480,2025-02-01,50,0
480,2025-03-01,46,0
480,2025-04-01,56,0
480,2025-05-01,56,0
480,2025-06-01,44,0
480,2025-07-01,52,0
480,2025-08-01,54,0
480,2025-09-01,53,0
480,2025-10-01,48,0
480,2025-11-01,44,0
480,2025-12-01,62,1
481,2024-12-01,27,0
481,2025-01-01,16,0
481,2025-02-01,13,0
481,2025-03-01,7,3
481,2025-04-01,4,1
482,2024-12-01,50,1
482,2025-01-01,54,1
482,2025-02-01,51,0
482,2025-03-01,57,0
482,2025-04-01,48,0
482,2025-05-01,61,0
482,2025-06-01,47,0
482,2025-07-01,69,0
482,2025-08-01,55,0
482,2025-09-01,44,0
482,2025-10-01,40,0
482,2025-11-01,48,0
482,2025-12-01,54,0
483,2024-12-01,35,2
483,2025-01-01,55,0
483,2025-02-01,47,0
483,2025-03-01,48,1
483,2025-04-01,47,0
483,2025-05-01,29,0
483,2025-06-01,39,0
483,2025-07-01,46,0
483,2025-08-01,41,0
483,2025-09-01,51,0
483,2025-10-01,40,0
483,2025-11-01,44,0
483,2025-12-01,40,1
484,2025-01-01,15,0
484,2025-02-01,21,0
484,2025-03-01,19,0
484,2025-04-01,16,0
484,2025-05-01,18,0
484,2025-06-01,23,0
484,2025-07-01,11,0
484,2025-08-01,22,0
484,2025-09-01,19,0
484,2025-10-01,17,0
484,2025-11-01,5,0
484,2025-12-01,8,1
485,2025-01-01,23,0
485,2025-02-01,22,0
485,2025-03-01,25,0
485,2025-04-01,26,0
485,2025-05-01,16,0
485,2025-06-01,24,1
485,2025-07-01,11,0
485,2025-08-01,17,1
485,2025-09-01,14,0
485,2025-10-01,19,1
485,2025-11-01,8,1
485,2025-12-01,6,0
486,2025-01-01,22,0
486,2025-02-01,18,0
486,2025-03-01,18,1
486,2025-04-01,24,0
486,2025-05-01,12,0
486,2025-06-01,12,0
486,2025-07-01,22,0
486,2025-08-01,16,1
486,2025-09-01,25,0
486,2025-10-01,21,0
486,2025-11-01,23,0
486,2025-12-01,13,1
487,2025-01-01,18,1
487,2025-02-01,20,0
487,2025-03-01,26,0
487,2025-04-01,19,0
487,2025-05-01,18,0
487,2025-06-01,20,1
488,2025-01-01,10,0
488,2025-02-01,10,0
488,2025-03-01,13,0
488,2025-04-01,19,1
488,2025-05-01,14,0
488,2025-06-01,10,0
488,2025-07-01,12,0
488,2025-08-01,7,0
488,2025-09-01,11,0
488,2025-10-01,14,0
488,2025-11-01,15,0
488,2025-12-01,11,0
489,2025-01-01,21,0
489,2025-02-01,30,0
489,2025-03-01,33,0
489,2025-04-01,30,0
489,2025-05-01,31,0
489,2025-06-01,30,0
489,2025-07-01,36,0
489,2025-08-01,32,1
489,2025-09-01,19,1
489,2025-10-01,32,0
489,2025-11-01,31,0
489,2025-12-01,30,0
490,2025-01-01,44,0
490,2025-02-01,34,0
490,2025-03-01,32,0
490,2025-04-01,29,1
490,2025-05-01,31,0
490,2025-06-01,27,0
490,2025-07-01,38,0
490,2025-08-01,38,0
490,2025-09-01,37,0
490,2025-10-01,32,0
490,2025-11-01,26,0
490,2025-12-01,34,0
491,2025-01-01,25,0
491,2025-02-01,29,0
491,2025-03-01,27,0
491,2025-04-01,33,0
491,2025-05-01,28,0
491,2025-06-01,20,1
491,2025-07-01,19,1
491,2025-08-01,28,2
491,2025-09-01,23,0
491,2025-10-01,25,0
491,2025-11-01,34,0
491,2025-12-01,28,0
492,2025-01-01,34,0
492,2025-02-01,34,1
492,2025-03-01,46,0
492,2025-04-01,36,0
492,2025-05-01,36,0
492,2025-06-01,34,0
492,2025-07-01,36,1
492,2025-08-01,33,0
492,2025-09-01,32,0
492,2025-10-01,38,0
492,2025-11-01,36,0
492,2025-12-01,32,0
493,2025-01-01,23,0
493,2025-02-01,13,0
493,2025-03-01,14,0
493,2025-04-01,19,0
494,2025-01-01,28,0
494,2025-02-01,32,0
494,2025-03-01,27,0
494,2025-04-01,41,0
494,2025-05-01,34,0
494,2025-06-01,37,0
494,2025-07-01,26,0
494,2025-08-01,37,0
494,2025-09-01,27,0
494,2025-10-01,29,1
494,2025-11-01,32,0
494,2025-12-01,38,0
495,2025-01-01,26,0
495,2025-02-01,35,0
495,2025-03-01,37,0
495,2025-04-01,26,0
495,2025-05-01,21,0
495,2025-06-01,20,1
495,2025-07-01,28,1
495,2025-08-01,23,0
495,2025-09-01,30,0
495,2025-10-01,24,0
495,2025-11-01,41,0
495,2025-12-01,27,0
496,2025-01-01,24,0
496,2025-02-01,26,1
496,2025-03-01,28,0
496,2025-04-01,32,0
496,2025-05-01,22,0
496,2025-06-01,12,2
496,2025-07-01,3,1
497,2025-01-01,29,0
497,2025-02-01,26,0
497,2025-03-01,27,0
497,2025-04-01,37,0
497,2025-05-01,24,0
497,2025-06-01,31,0
497,2025-07-01,33,0
497,2025-08-01,22,0
497,2025-09-01,28,0
497,2025-10-01,29,1
497,2025-11-01,27,2
497,2025-12-01,26,0
498,2025-01-01,27,0
498,2025-02-01,17,1
498,2025-03-01,7,1
498,2025-04-01,8,1
498,2025-05-01,9,0
499,2025-01-01,25,1
499,2025-02-01,24,0
499,2025-03-01,28,0
499,2025-04-01,33,0
499,2025-05-01,25,1
499,2025-06-01,31,0
499,2025-07-01,32,0
499,2025-08-01,20,1
499,2025-09-01,24,0
499,2025-10-01,37,0
499,2025-11-01,22,0
499,2025-12-01,21,0
500,2025-01-01,14,0
500,2025-02-01,13,0
500,2025-03-01,8,0
500,2025-04-01,16,0
500,2025-05-01,7,0
500,2025-06-01,5,0
500,2025-07-01,20,1
500,2025-08-01,15,1
500,2025-09-01,9,0
500,2025-10-01,14,1
500,2025-11-01,10,0
500,2025-12-01,7,0
501,2025-01-01,16,0
501,2025-02-01,6,1
501,2025-03-01,0,1
502,2025-01-01,14,0
502,2025-02-01,21,0
502,2025-03-01,19,0
502,2025-04-01,19,0
502,2025-05-01,19,0
502,2025-06-01,22,0
502,2025-07-01,18,0
502,2025-08-01,13,0
502,2025-09-01,18,0
502,2025-10-01,15,0
502,2025-11-01,12,0
502,2025-12-01,24,0
503,2025-01-01,22,0
503,2025-02-01,32,0
503,2025-03-01,25,0
503,2025-04-01,18,0
503,2025-05-01,19,0
503,2025-06-01,25,0
503,2025-07-01,29,0
503,2025-08-01,25,0
503,2025-09-01,32,1
503,2025-10-01,26,0
503,2025-11-01,13,1
503,2025-12-01,22,0
504,2025-01-01,28,0
504,2025-02-01,30,0
504,2025-03-01,19,0
504,2025-04-01,29,2
504,2025-05-01,23,0
504,2025-06-01,20,0
504,2025-07-01,24,0
504,2025-08-01,28,1
504,2025-09-01,28,0
504,2025-10-01,26,0
504,2025-11-01,27,1
504,2025-12-01,27,0
505,2025-01-01,12,0
505,2025-02-01,16,1
505,2025-03-01,10,0
506,2025-01-01,24,1
506,2025-02-01,21,0
506,2025-03-01,32,0
506,2025-04-01,18,0
506,2025-05-01,18,1
506,2025-06-01,14,0
506,2025-07-01,21,1
506,2025-08-01,26,1
506,2025-09-01,24,1
506,2025-10-01,25,0
506,2025-11-01,27,0
506,2025-12-01,11,0
507,2025-01-01,29,0
507,2025-02-01,34,1
507,2025-03-01,29,0
507,2025-04-01,21,0
507,2025-05-01,25,0
507,2025-06-01,33,0
507,2025-07-01,31,0
507,2025-08-01,23,0
507,2025-09-01,36,0
507,2025-10-01,33,1
507,2025-11-01,37,0
507,2025-12-01,26,1
508,2025-01-01,33,1
508,2025-02-01,22,0
508,2025-03-01,30,1
508,2025-04-01,27,0
508,2025-05-01,24,0
508,2025-06-01,23,0
508,2025-07-01,25,0
508,2025-08-01,31,0
508,2025-09-01,35,1
508,2025-10-01,21,0
508,2025-11-01,28,0
508,2025-12-01,25,1
509,2025-01-01,4,1
509,2025-02-01,4,0
510,2025-01-01,7,0
510,2025-02-01,11,1
510,2025-03-01,15,0
510,2025-04-01,12,0
510,2025-05-01,10,0
510,2025-06-01,12,1
510,2025-07-01,12,0
510,2025-08-01,13,0
510,2025-09-01,7,1
510,2025-10-01,15,0
510,2025-11-01,11,0
510,2025-12-01,11,0
511,2025-01-01,20,0
511,2025-02-01,11,0
511,2025-03-01,23,0
511,2025-04-01,13,0
511,2025-05-01,15,0
511,2025-06-01,12,0
511,2025-07-01,13,2
511,2025-08-01,6,2
511,2025-09-01,6,0
512,2025-01-01,8,0
512,2025-02-01,7,0
512,2025-03-01,8,0
512,2025-04-01,14,0
512,2025-05-01,12,1
512,2025-06-01,9,1
512,2025-07-01,6,0
512,2025-08-01,9,1
512,2025-09-01,11,0
512,2025-10-01,18,1
512,2025-11-01,14,0
512,2025-12-01,19,2
513,2025-01-01,25,0
513,2025-02-01,33,1
513,2025-03-01,22,0
513,2025-04-01,36,1
513,2025-05-01,32,0
514,2025-01-01,8,0
514,2025-02-01,12,0
514,2025-03-01,13,1
514,2025-04-01,15,0
514,2025-05-01,9,1
514,2025-06-01,5,0
514,2025-07-01,5,2
515,2025-01-01,28,0
515,2025-02-01,19,0
515,2025-03-01,21,0
515,2025-04-01,30,1
515,2025-05-01,21,0
515,2025-06-01,18,2
515,2025-07-01,11,0
515,2025-08-01,17,0
515,2025-09-01,16,0
515,2025-10-01,29,1
515,2025-11-01,21,0
515,2025-12-01,20,0
516,2025-01-01,2,0
516,2025-02-01,3,1
517,2025-01-01,9,1
517,2025-02-01,12,0
517,2025-03-01,7,0
517,2025-04-01,9,0
517,2025-05-01,11,0
517,2025-06-01,13,0
517,2025-07-01,7,1
517,2025-08-01,9,0
517,2025-09-01,11,0
517,2025-10-01,10,0
517,2025-11-01,9,0
517,2025-12-01,7,1
518,2025-01-01,35,0
518,2025-02-01,27,0
518,2025-03-01,31,0
518,2025-04-01,28,0
518,2025-05-01,28,0
518,2025-06-01,15,1
518,2025-07-01,29,1
518,2025-08-01,20,0
518,2025-09-01,21,1
518,2025-10-01,22,0
518,2025-11-01,28,0
518,2025-12-01,24,0
519,2025-01-01,26,0
519,2025-02-01,26,1
519,2025-03-01,11,1
519,2025-04-01,7,2
520,2025-01-01,26,2
520,2025-02-01,21,0
520,2025-03-01,21,0
520,2025-04-01,27,0
520,2025-05-01,32,0
520,2025-06-01,22,0
520,2025-07-01,34,0
520,2025-08-01,34,1
520,2025-09-01,30,0
520,2025-10-01,30,0
520,2025-11-01,34,0
520,2025-12-01,38,0
521,2025-01-01,17,1
521,2025-02-01,24,1
521,2025-03-01,22,0
521,2025-04-01,12,1
521,2025-05-01,13,0
521,2025-06-01,23,0
521,2025-07-01,18,0
521,2025-08-01,21,0
521,2025-09-01,16,2
521,2025-10-01,24,0
521,2025-11-01,21,0
521,2025-12-01,16,0
522,2025-01-01,40,0
522,2025-02-01,23,0
522,2025-03-01,25,0
522,2025-04-01,17,0
522,2025-05-01,5,0
523,2025-01-01,15,1
523,2025-02-01,7,0
524,2025-01-01,38,0
524,2025-02-01,39,0
524,2025-03-01,50,1
524,2025-04-01,51,0
524,2025-05-01,42,0
524,2025-06-01,48,1
524,2025-07-01,29,0
524,2025-08-01,40,0
524,2025-09-01,36,0
524,2025-10-01,44,0
524,2025-11-01,37,0
524,2025-12-01,39,0
525,2025-01-01,6,0
525,2025-02-01,10,0
525,2025-03-01,12,1
526,2025-01-01,6,0
526,2025-02-01,8,0
526,2025-03-01,10,0
526,2025-04-01,4,1
526,2025-05-01,7,0
526,2025-06-01,1,0
527,2025-01-01,43,0
527,2025-02-01,48,0
527,2025-03-01,47,1
527,2025-04-01,38,0
527,2025-05-01,47,1
527,2025-06-01,56,0
527,2025-07-01,52,0
527,2025-08-01,45,1
527,2025-09-01,58,0
527,2025-10-01,55,0
527,2025-11-01,38,0
527,2025-12-01,48,0
528,2025-01-01,15,0
528,2025-02-01,23,1
528,2025-03-01,27,0
528,2025-04-01,31,0
528,2025-05-01,22,0
528,2025-06-01,28,0
528,2025-07-01,24,0
528,2025-08-01,25,0
528,2025-09-01,28,0
528,2025-10-01,19,1
528,2025-11-01,16,1
528,2025-12-01,16,0
529,2025-01-01,10,0
529,2025-02-01,10,1
529,2025-03-01,11,0
529,2025-04-01,14,0
529,2025-05-01,6,0
529,2025-06-01,11,0
529,2025-07-01,16,1
529,2025-08-01,6,1
529,2025-09-01,4,0
529,2025-10-01,2,0
530,2025-01-01,15,0
530,2025-02-01,13,0
530,2025-03-01,20,0
530,2025-04-01,11,1
530,2025-05-01,14,0
530,2025-06-01,15,0
530,2025-07-01,13,0
530,2025-08-01,13,0
530,2025-09-01,27,0
530,2025-10-01,14,0
530,2025-11-01,8,0
530,2025-12-01,3,2
531,2025-01-01,3,0
531,2025-02-01,3,1
531,2025-03-01,4,0
531,2025-04-01,3,1
531,2025-05-01,8,0
531,2025-06-01,5,0
531,2025-07-01,8,0
531,2025-08-01,8,1
531,2025-09-01,0,1
531,2025-10-01,0,0
531,2025-11-01,2,0
531,2025-12-01,5,0
532,2025-01-01,16,0
532,2025-02-01,28,1
532,2025-03-01,17,0
532,2025-04-01,15,1
532,2025-05-01,20,0
532,2025-06-01,22,0
532,2025-07-01,18,0
532,2025-08-01,13,0
532,2025-09-01,17,0
532,2025-10-01,20,0
532,2025-11-01,9,0
532,2025-12-01,15,0
533,2025-01-01,6,0
533,2025-02-01,6,0
533,2025-03-01,3,4
534,2025-01-01,6,0
534,2025-02-01,17,0
534,2025-03-01,10,0
534,2025-04-01,9,0
534,2025-05-01,15,0
534,2025-06-01,12,1
534,2025-07-01,9,0
534,2025-08-01,15,0
534,2025-09-01,15,0
534,2025-10-01,15,0
534,2025-11-01,11,0
534,2025-12-01,15,0
535,2025-01-01,10,1
535,2025-02-01,7,2
536,2025-02-01,19,0
536,2025-03-01,20,0
536,2025-04-01,26,0
536,2025-05-01,24,0
536,2025-06-01,19,0
536,2025-07-01,21,1
536,2025-08-01,30,0
536,2025-09-01,26,1
536,2025-10-01,23,1
536,2025-11-01,23,0
536,2025-12-01,20,0
537,2025-02-01,25,0
537,2025-03-01,17,0
537,2025-04-01,18,0
537,2025-05-01,19,0
537,2025-06-01,17,0
537,2025-07-01,22,0
537,2025-08-01,18,0
537,2025-09-01,7,0
537,2025-10-01,21,1
537,2025-11-01,19,0
537,2025-12-01,15,1
538,2025-02-01,20,0
538,2025-03-01,17,0
538,2025-04-01,14,1
538,2025-05-01,22,0
538,2025-06-01,16,0
538,2025-07-01,10,1
538,2025-08-01,12,0
538,2025-09-01,21,0
538,2025-10-01,25,1
538,2025-11-01,17,0
538,2025-12-01,15,0
539,2025-02-01,21,0
539,2025-03-01,19,0
539,2025-04-01,14,0
539,2025-05-01,13,0
539,2025-06-01,14,0
539,2025-07-01,12,0
539,2025-08-01,16,1
539,2025-09-01,26,0
539,2025-10-01,18,0
539,2025-11-01,13,1
539,2025-12-01,10,0
540,2025-02-01,25,0
540,2025-03-01,29,0
540,2025-04-01,19,0
540,2025-05-01,12,0
540,2025-06-01,13,2
540,2025-07-01,15,0
541,2025-02-01,35,0
541,2025-03-01,34,1
541,2025-04-01,33,0
541,2025-05-01,36,0
541,2025-06-01,39,0
541,2025-07-01,46,0
541,2025-08-01,39,0
541,2025-09-01,43,0
541,2025-10-01,34,0
541,2025-11-01,17,0
541,2025-12-01,9,2
542,2025-02-01,14,0
542,2025-03-01,19,0
542,2025-04-01,22,0
542,2025-05-01,16,0
542,2025-06-01,20,0
542,2025-07-01,12,1
542,2025-08-01,4,1
542,2025-09-01,5,0
543,2025-02-01,11,0
543,2025-03-01,10,0
543,2025-04-01,4,0
544,2025-02-01,28,0
544,2025-03-01,26,0
544,2025-04-01,25,0
544,2025-05-01,24,0
544,2025-06-01,26,1
544,2025-07-01,29,0
544,2025-08-01,31,0
544,2025-09-01,17,1
544,2025-10-01,8,0
544,2025-11-01,9,0
545,2025-02-01,29,0
545,2025-03-01,31,0
545,2025-04-01,38,0
545,2025-05-01,29,0
545,2025-06-01,20,0
545,2025-07-01,30,0
545,2025-08-01,24,0
545,2025-09-01,13,1
545,2025-10-01,6,1
546,2025-02-01,5,1
546,2025-03-01,4,0
547,2025-02-01,24,0
547,2025-03-01,18,0
547,2025-04-01,14,0
547,2025-05-01,18,0
547,2025-06-01,17,0
547,2025-07-01,18,0
547,2025-08-01,15,0
547,2025-09-01,19,0
547,2025-10-01,16,0
547,2025-11-01,24,1
547,2025-12-01,13,0
548,2025-02-01,25,1
548,2025-03-01,35,0
548,2025-04-01,28,0
548,2025-05-01,21,0
548,2025-06-01,22,2
548,2025-07-01,25,1
548,2025-08-01,26,0
548,2025-09-01,24,2
548,2025-10-01,21,0
548,2025-11-01,20,0
548,2025-12-01,28,0
549,2025-02-01,4,1
549,2025-03-01,3,3
550,2025-02-01,6,1
550,2025-03-01,4,1
551,2025-02-01,20,2
551,2025-03-01,23,0
551,2025-04-01,13,0
551,2025-05-01,20,0
551,2025-06-01,21,0
551,2025-07-01,17,0
551,2025-08-01,13,1
551,2025-09-01,18,0
551,2025-10-01,11,0
551,2025-11-01,24,0
551,2025-12-01,16,0
552,2025-02-01,18,0
552,2025-03-01,37,0
552,2025-04-01,35,0
552,2025-05-01,31,0
552,2025-06-01,31,0
552,2025-07-01,35,0
552,2025-08-01,33,0
552,2025-09-01,25,1
552,2025-10-01,28,0
552,2025-11-01,40,1
552,2025-12-01,29,0
553,2025-02-01,10,1
553,2025-03-01,7,0
553,2025-04-01,1,0
554,2025-02-01,18,0
554,2025-03-01,16,0
554,2025-04-01,23,1
554,2025-05-01,21,1
554,2025-06-01,23,1
554,2025-07-01,15,0
554,2025-08-01,15,0
554,2025-09-01,27,0
554,2025-10-01,28,0
554,2025-11-01,20,1
554,2025-12-01,28,1
555,2025-02-01,12,0
555,2025-03-01,3,0
556,2025-02-01,41,1
556,2025-03-01,43,1
556,2025-04-01,48,0
556,2025-05-01,42,3
556,2025-06-01,43,0
556,2025-07-01,43,0
556,2025-08-01,35,0
556,2025-09-01,34,1
556,2025-10-01,29,0
556,2025-11-01,47,0
556,2025-12-01,29,0
557,2025-02-01,23,0
557,2025-03-01,22,0
557,2025-04-01,21,0
557,2025-05-01,24,1
558,2025-02-01,20,0
558,2025-03-01,15,1
558,2025-04-01,12,0
558,2025-05-01,6,1
559,2025-02-01,8,1
559,2025-03-01,6,0
560,2025-02-01,24,0
560,2025-03-01,24,0
560,2025-04-01,40,0
560,2025-05-01,27,0
560,2025-06-01,20,0
560,2025-07-01,20,0
560,2025-08-01,18,0
560,2025-09-01,26,0
560,2025-10-01,23,0
560,2025-11-01,38,2
560,2025-12-01,27,0
561,2025-02-01,59,0
561,2025-03-01,64,0
561,2025-04-01,56,0
561,2025-05-01,52,0
561,2025-06-01,71,0
561,2025-07-01,71,0
561,2025-08-01,52,1
561,2025-09-01,65,0
561,2025-10-01,49,0
561,2025-11-01,62,2
561,2025-12-01,76,0
562,2025-02-01,28,0
562,2025-03-01,21,0
562,2025-04-01,28,1
562,2025-05-01,26,0
562,2025-06-01,26,0
562,2025-07-01,25,0
562,2025-08-01,32,1
562,2025-09-01,29,0
562,2025-10-01,23,0
562,2025-11-01,26,0
562,2025-12-01,24,0
563,2025-02-01,17,1
563,2025-03-01,7,0
563,2025-04-01,16,1
563,2025-05-01,10,0
563,2025-06-01,8,1
563,2025-07-01,6,0
564,2025-02-01,27,0
564,2025-03-01,12,1
564,2025-04-01,13,0
564,2025-05-01,15,0
564,2025-06-01,7,1
564,2025-07-01,17,0
564,2025-08-01,13,0
564,2025-09-01,21,0
564,2025-10-01,13,0
564,2025-11-01,15,0
564,2025-12-01,14,0
565,2025-02-01,19,0
565,2025-03-01,6,1
565,2025-04-01,5,3
566,2025-02-01,15,1
566,2025-03-01,16,0
566,2025-04-01,12,0
566,2025-05-01,17,0
566,2025-06-01,17,0
566,2025-07-01,12,1
566,2025-08-01,13,0
566,2025-09-01,13,0
566,2025-10-01,11,1
566,2025-11-01,12,0
566,2025-12-01,20,0
567,2025-02-01,45,1
567,2025-03-01,39,0
567,2025-04-01,40,1
567,2025-05-01,47,0
567,2025-06-01,32,0
567,2025-07-01,24,0
567,2025-08-01,39,0
567,2025-09-01,45,1
567,2025-10-01,35,0
567,2025-11-01,32,0
567,2025-12-01,46,0
568,2025-02-01,5,0
568,2025-03-01,5,2
569,2025-02-01,12,0
569,2025-03-01,21,1
569,2025-04-01,9,0
569,2025-05-01,15,0
569,2025-06-01,10,0
569,2025-07-01,22,0
569,2025-08-01,6,0
569,2025-09-01,9,0
569,2025-10-01,9,1
569,2025-11-01,10,0
569,2025-12-01,8,1
570,2025-02-01,7,0
570,2025-03-01,3,0
570,2025-04-01,9,0
570,2025-05-01,5,0
570,2025-06-01,11,0
570,2025-07-01,8,0
570,2025-08-01,12,1
570,2025-09-01,7,1
570,2025-10-01,10,0
570,2025-11-01,7,1
570,2025-12-01,4,0
571,2025-02-01,11,0
571,2025-03-01,13,0
571,2025-04-01,19,0
571,2025-05-01,19,0
571,2025-06-01,24,0
571,2025-07-01,13,1
571,2025-08-01,25,0
571,2025-09-01,23,0
571,2025-10-01,15,0
571,2025-11-01,11,0
571,2025-12-01,16,0
572,2025-02-01,34,0
572,2025-03-01,28,0
572,2025-04-01,31,0
572,2025-05-01,30,0
572,2025-06-01,30,0
572,2025-07-01,33,2
572,2025-08-01,31,0
572,2025-09-01,27,0
572,2025-10-01,25,0
572,2025-11-01,12,1
572,2025-12-01,14,0
573,2025-02-01,12,1
573,2025-03-01,10,0
573,2025-04-01,18,0
573,2025-05-01,13,0
573,2025-06-01,12,0
573,2025-07-01,9,2
573,2025-08-01,6,2
574,2025-02-01,39,0
574,2025-03-01,30,1
574,2025-04-01,32,0
574,2025-05-01,41,1
574,2025-06-01,38,0
574,2025-07-01,36,0
574,2025-08-01,40,0
574,2025-09-01,37,0
574,2025-10-01,31,1
574,2025-11-01,49,0
574,2025-12-01,34,0
575,2025-02-01,15,0
575,2025-03-01,18,0
575,2025-04-01,23,1
575,2025-05-01,18,0
575,2025-06-01,17,0
575,2025-07-01,25,0
575,2025-08-01,14,0
575,2025-09-01,17,0
575,2025-10-01,19,0
575,2025-11-01,19,0
575,2025-12-01,28,0
576,2025-02-01,33,0
576,2025-03-01,52,0
576,2025-04-01,38,2
576,2025-05-01,65,1
576,2025-06-01,50,0
576,2025-07-01,39,1
576,2025-08-01,58,0
576,2025-09-01,42,0
576,2025-10-01,37,0
576,2025-11-01,40,0
576,2025-12-01,50,0
577,2025-02-01,17,0
577,2025-03-01,7,0
577,2025-04-01,9,0
577,2025-05-01,15,0
577,2025-06-01,10,0
577,2025-07-01,17,0
577,2025-08-01,19,1
577,2025-09-01,11,1
577,2025-10-01,10,1
577,2025-11-01,15,0
577,2025-12-01,10,0
578,2025-02-01,27,0
578,2025-03-01,22,2
578,2025-04-01,21,0
578,2025-05-01,21,0
578,2025-06-01,18,0
578,2025-07-01,19,1
578,2025-08-01,35,0
578,2025-09-01,30,0
578,2025-10-01,19,1
578,2025-11-01,24,0
578,2025-12-01,20,0
579,2025-02-01,14,0
579,2025-03-01,15,0
579,2025-04-01,12,0
579,2025-05-01,13,2
579,2025-06-01,13,1
579,2025-07-01,15,0
579,2025-08-01,11,0
579,2025-09-01,15,0
579,2025-10-01,12,0
579,2025-11-01,9,0
579,2025-12-01,0,1
580,2025-02-01,31,0
580,2025-03-01,26,0
580,2025-04-01,25,1
580,2025-05-01,19,2
580,2025-06-01,26,0
580,2025-07-01,26,0
580,2025-08-01,15,3
580,2025-09-01,22,0
580,2025-10-01,27,0
580,2025-11-01,21,0
580,2025-12-01,19,0
581,2025-02-01,25,2
581,2025-03-01,25,0
581,2025-04-01,13,0
581,2025-05-01,25,0
581,2025-06-01,18,0
581,2025-07-01,23,0
581,2025-08-01,18,0
581,2025-09-01,23,0
581,2025-10-01,21,1
581,2025-11-01,27,0
581,2025-12-01,22,0
582,2025-03-01,20,1
582,2025-04-01,33,0
582,2025-05-01,32,0
582,2025-06-01,30,0
582,2025-07-01,36,0
582,2025-08-01,32,1
582,2025-09-01,25,0
582,2025-10-01,26,0
582,2025-11-01,23,1
582,2025-12-01,35,1
583,2025-03-01,19,0
583,2025-04-01,20,0
583,2025-05-01,23,1
583,2025-06-01,26,0
583,2025-07-01,26,0
583,2025-08-01,13,0
583,2025-09-01,14,0
583,2025-10-01,10,0
583,2025-11-01,20,0
583,2025-12-01,18,0
584,2025-03-01,16,0
584,2025-04-01,26,0
584,2025-05-01,20,0
584,2025-06-01,19,0
584,2025-07-01,20,0
584,2025-08-01,17,0
584,2025-09-01,19,0
584,2025-10-01,14,0
584,2025-11-01,14,2
584,2025-12-01,12,0
585,2025-03-01,26,1
585,2025-04-01,17,0
585,2025-05-01,20,0
585,2025-06-01,15,0
585,2025-07-01,15,0
585,2025-08-01,19,0
585,2025-09-01,25,0
585,2025-10-01,16,1
585,2025-11-01,12,1
585,2025-12-01,15,0
586,2025-03-01,22,1
586,2025-04-01,36,1
586,2025-05-01,22,0
586,2025-06-01,43,0
586,2025-07-01,33,1
586,2025-08-01,29,0
586,2025-09-01,25,0
586,2025-10-01,31,0
586,2025-11-01,20,0
586,2025-12-01,9,1
587,2025-03-01,2,0
587,2025-04-01,11,1
587,2025-05-01,6,0
587,2025-06-01,6,0
588,2025-03-01,11,0
588,2025-04-01,10,1
588,2025-05-01,5,1
588,2025-06-01,8,0
588,2025-07-01,12,0
588,2025-08-01,19,1
588,2025-09-01,21,0
588,2025-10-01,11,0
588,2025-11-01,16,0
588,2025-12-01,20,1
589,2025-03-01,9,0
589,2025-04-01,14,0
589,2025-05-01,9,0
589,2025-06-01,11,0
589,2025-07-01,13,0
589,2025-08-01,13,0
589,2025-09-01,9,0
589,2025-10-01,12,0
589,2025-11-01,7,0
589,2025-12-01,4,0
590,2025-03-01,2,0
590,2025-04-01,6,1
591,2025-03-01,22,0
591,2025-04-01,22,0
591,2025-05-01,27,0
591,2025-06-01,19,1
591,2025-07-01,12,1
591,2025-08-01,7,5
592,2025-03-01,30,0
592,2025-04-01,31,0
592,2025-05-01,21,0
592,2025-06-01,12,0
592,2025-07-01,29,1
592,2025-08-01,25,0
592,2025-09-01,29,1
592,2025-10-01,34,0
592,2025-11-01,23,1
592,2025-12-01,35,1
593,2025-03-01,18,0
593,2025-04-01,17,0
593,2025-05-01,15,0
593,2025-06-01,9,0
593,2025-07-01,5,1
593,2025-08-01,4,1
594,2025-03-01,17,1
594,2025-04-01,23,0
594,2025-05-01,22,0
594,2025-06-01,20,0
594,2025-07-01,31,0
594,2025-08-01,15,0
594,2025-09-01,23,0
594,2025-10-01,26,0
594,2025-11-01,25,0
594,2025-12-01,35,2
595,2025-03-01,18,0
595,2025-04-01,36,0
595,2025-05-01,21,1
595,2025-06-01,21,1
595,2025-07-01,25,0
595,2025-08-01,26,1
595,2025-09-01,28,1
595,2025-10-01,23,0
595,2025-11-01,30,1
595,2025-12-01,28,3
596,2025-03-01,10,1
596,2025-04-01,12,1
596,2025-05-01,8,3
596,2025-06-01,4,2
597,2025-03-01,20,0
597,2025-04-01,18,0
597,2025-05-01,22,0
597,2025-06-01,22,0
597,2025-07-01,15,0
597,2025-08-01,19,0
597,2025-09-01,23,1
597,2025-10-01,16,0
597,2025-11-01,18,0
597,2025-12-01,16,1
598,2025-03-01,24,0
598,2025-04-01,31,0
598,2025-05-01,35,0
598,2025-06-01,29,0
598,2025-07-01,30,1
598,2025-08-01,27,0
598,2025-09-01,28,0
598,2025-10-01,38,0
598,2025-11-01,27,0
598,2025-12-01,26,0
599,2025-03-01,29,1
599,2025-04-01,23,0
599,2025-05-01,35,0
599,2025-06-01,36,1
599,2025-07-01,19,0
599,2025-08-01,41,0
599,2025-09-01,30,0
599,2025-10-01,28,0
599,2025-11-01,32,0
599,2025-12-01,28,0
600,2025-03-01,17,0
600,2025-04-01,20,1
600,2025-05-01,18,0
600,2025-06-01,9,0
600,2025-07-01,7,0
600,2025-08-01,13,0
600,2025-09-01,20,0
600,2025-10-01,21,0
600,2025-11-01,17,1
600,2025-12-01,13,0
601,2025-03-01,34,0
601,2025-04-01,38,1
601,2025-05-01,25,0
601,2025-06-01,22,3
601,2025-07-01,8,5
602,2025-03-01,20,0
602,2025-04-01,16,0
602,2025-05-01,25,0
602,2025-06-01,31,1
602,2025-07-01,25,2
602,2025-08-01,17,0
602,2025-09-01,27,0
602,2025-10-01,20,0
602,2025-11-01,21,2
602,2025-12-01,20,0
603,2025-03-01,18,0
603,2025-04-01,15,0
603,2025-05-01,18,2
603,2025-06-01,10,1
603,2025-07-01,14,0
603,2025-08-01,13,1
603,2025-09-01,6,0
603,2025-10-01,2,0
604,2025-03-01,8,0
604,2025-04-01,19,0
604,2025-05-01,14,0
604,2025-06-01,20,0
604,2025-07-01,23,0
604,2025-08-01,11,1
604,2025-09-01,11,0
604,2025-10-01,10,0
604,2025-11-01,9,2
604,2025-12-01,5,1
605,2025-03-01,14,0
605,2025-04-01,12,0
605,2025-05-01,27,0
605,2025-06-01,23,0
605,2025-07-01,23,0
605,2025-08-01,16,1
605,2025-09-01,16,1
605,2025-10-01,15,0
605,2025-11-01,17,0
605,2025-12-01,20,0
606,2025-03-01,9,0
606,2025-04-01,10,0
606,2025-05-01,10,0
606,2025-06-01,8,0
606,2025-07-01,14,0
606,2025-08-01,10,0
606,2025-09-01,5,0
606,2025-10-01,13,0
606,2025-11-01,20,0
606,2025-12-01,14,1
607,2025-03-01,34,0
607,2025-04-01,45,0
607,2025-05-01,50,0
607,2025-06-01,45,0
607,2025-07-01,49,1
607,2025-08-01,42,1
607,2025-09-01,38,0
607,2025-10-01,41,0
607,2025-11-01,46,0
607,2025-12-01,37,0
608,2025-03-01,42,1
608,2025-04-01,44,0
608,2025-05-01,47,1
608,2025-06-01,45,0
608,2025-07-01,49,0
608,2025-08-01,42,0
608,2025-09-01,35,0
608,2025-10-01,30,1
608,2025-11-01,33,0
608,2025-12-01,29,0
609,2025-03-01,16,0
609,2025-04-01,13,1
609,2025-05-01,16,2
609,2025-06-01,19,0
609,2025-07-01,16,0
609,2025-08-01,16,0
609,2025-09-01,10,1
609,2025-10-01,14,0
609,2025-11-01,6,2
609,2025-12-01,2,1
610,2025-03-01,42,0
610,2025-04-01,43,0
610,2025-05-01,53,0
610,2025-06-01,52,0
610,2025-07-01,38,0
610,2025-08-01,19,1
610,2025-09-01,13,2
611,2025-03-01,30,0
611,2025-04-01,31,0
611,2025-05-01,28,2
611,2025-06-01,29,0
611,2025-07-01,26,0
611,2025-08-01,31,1
611,2025-09-01,33,0
611,2025-10-01,24,0
611,2025-11-01,29,0
611,2025-12-01,35,0
612,2025-03-01,40,0
612,2025-04-01,29,0
612,2025-05-01,26,0
612,2025-06-01,21,0
612,2025-07-01,34,0
612,2025-08-01,33,1
612,2025-09-01,19,0
612,2025-10-01,31,0
612,2025-11-01,25,1
612,2025-12-01,44,0
613,2025-03-01,24,0
613,2025-04-01,21,0
613,2025-05-01,19,0
613,2025-06-01,9,0
613,2025-07-01,8,0
614,2025-03-01,19,0
614,2025-04-01,11,0
614,2025-05-01,10,0
614,2025-06-01,11,0
614,2025-07-01,12,0
614,2025-08-01,10,0
614,2025-09-01,7,0
614,2025-10-01,16,0
614,2025-11-01,18,0
614,2025-12-01,14,0
615,2025-03-01,21,0
615,2025-04-01,16,1
615,2025-05-01,15,0
615,2025-06-01,11,0
615,2025-07-01,18,0
615,2025-08-01,20,0
615,2025-09-01,22,0
615,2025-10-01,12,0
615,2025-11-01,19,0
615,2025-12-01,17,0
616,2025-03-01,38,0
616,2025-04-01,18,0
616,2025-05-01,25,0
616,2025-06-01,24,0
616,2025-07-01,26,0
616,2025-08-01,18,0
616,2025-09-01,24,1
616,2025-10-01,21,0
616,2025-11-01,18,0
616,2025-12-01,9,2
617,2025-03-01,22,0
617,2025-04-01,18,0
617,2025-05-01,13,0
617,2025-06-01,24,2
617,2025-07-01,20,1
617,2025-08-01,13,0
617,2025-09-01,19,0
617,2025-10-01,14,0
617,2025-11-01,22,0
617,2025-12-01,11,0
618,2025-03-01,30,1
618,2025-04-01,36,0
618,2025-05-01,33,0
618,2025-06-01,42,0
619,2025-03-01,11,0
619,2025-04-01,19,0
619,2025-05-01,13,0
619,2025-06-01,14,0
619,2025-07-01,14,1
619,2025-08-01,24,1
619,2025-09-01,16,0
619,2025-10-01,9,0
619,2025-11-01,7,1
619,2025-12-01,7,0
620,2025-03-01,10,1
620,2025-04-01,2,1
621,2025-03-01,24,0
621,2025-04-01,30,0
621,2025-05-01,21,0
621,2025-06-01,31,0
621,2025-07-01,28,0
621,2025-08-01,31,1
621,2025-09-01,26,0
621,2025-10-01,37,0
621,2025-11-01,25,0
621,2025-12-01,24,1
622,2025-03-01,19,0
622,2025-04-01,11,1
622,2025-05-01,11,1
622,2025-06-01,15,1
622,2025-07-01,16,0
622,2025-08-01,13,1
622,2025-09-01,12,0
622,2025-10-01,13,0
622,2025-11-01,9,0
622,2025-12-01,14,0
623,2025-03-01,17,0
623,2025-04-01,14,0
623,2025-05-01,17,0
623,2025-06-01,18,0
623,2025-07-01,23,1
623,2025-08-01,26,1
623,2025-09-01,26,0
623,2025-10-01,24,0
623,2025-11-01,17,0
623,2025-12-01,18,0
624,2025-03-01,17,1
624,2025-04-01,14,0
624,2025-05-01,11,0
624,2025-06-01,12,0
624,2025-07-01,18,0
624,2025-08-01,17,1
624,2025-09-01,10,0
624,2025-10-01,15,0
624,2025-11-01,15,0
624,2025-12-01,13,0
625,2025-03-01,22,0
625,2025-04-01,22,0
625,2025-05-01,17,0
625,2025-06-01,17,1
625,2025-07-01,25,0
625,2025-08-01,16,0
625,2025-09-01,18,0
625,2025-10-01,20,0
625,2025-11-01,21,0
625,2025-12-01,16,0
626,2025-03-01,23,0
626,2025-04-01,26,0
626,2025-05-01,33,0
626,2025-06-01,28,1
626,2025-07-01,28,0
626,2025-08-01,19,0
626,2025-09-01,31,1
626,2025-10-01,27,0
626,2025-11-01,33,2
626,2025-12-01,18,0
627,2025-03-01,14,1
627,2025-04-01,16,1
627,2025-05-01,16,0
627,2025-06-01,19,0
628,2025-03-01,22,0
628,2025-04-01,25,1
628,2025-05-01,24,0
628,2025-06-01,32,0
628,2025-07-01,22,1
628,2025-08-01,33,1
628,2025-09-01,21,0
628,2025-10-01,24,0
628,2025-11-01,35,1
628,2025-12-01,33,1
629,2025-03-01,20,0
629,2025-04-01,21,1
629,2025-05-01,28,1
629,2025-06-01,20,0
629,2025-07-01,17,0
629,2025-08-01,17,0
629,2025-09-01,19,0
629,2025-10-01,24,0
629,2025-11-01,28,0
629,2025-12-01,16,0
630,2025-03-01,17,0
630,2025-04-01,20,0
630,2025-05-01,22,0
630,2025-06-01,23,0
630,2025-07-01,19,0
630,2025-08-01,24,1
630,2025-09-01,24,1
630,2025-10-01,18,0
630,2025-11-01,22,1
630,2025-12-01,13,0
631,2025-03-01,32,2
631,2025-04-01,29,0
631,2025-05-01,41,0
631,2025-06-01,27,1
631,2025-07-01,43,0
631,2025-08-01,38,0
631,2025-09-01,37,0
631,2025-10-01,34,0
631,2025-11-01,31,0
631,2025-12-01,41,1
632,2025-03-01,7,0
632,2025-04-01,12,0
632,2025-05-01,8,0
632,2025-06-01,8,0
632,2025-07-01,13,1
632,2025-08-01,6,0
632,2025-09-01,9,0
632,2025-10-01,10,0
632,2025-11-01,9,0
632,2025-12-01,9,0
633,2025-04-01,34,0
633,2025-05-01,32,0
633,2025-06-01,19,0
633,2025-07-01,29,1
633,2025-08-01,33,0
633,2025-09-01,35,0
633,2025-10-01,26,0
633,2025-11-01,29,0
633,2025-12-01,26,0
634,2025-04-01,45,0
634,2025-05-01,44,1
634,2025-06-01,43,0
634,2025-07-01,53,0
634,2025-08-01,47,0
634,2025-09-01,45,1
634,2025-10-01,43,0
634,2025-11-01,49,0
634,2025-12-01,40,0
635,2025-04-01,54,0
635,2025-05-01,48,0
635,2025-06-01,41,0
635,2025-07-01,61,1
635,2025-08-01,50,0
635,2025-09-01,48,0
635,2025-10-01,53,0
635,2025-11-01,53,0
635,2025-12-01,58,0
636,2025-04-01,33,0
636,2025-05-01,40,0
636,2025-06-01,44,1
636,2025-07-01,31,0
636,2025-08-01,44,1
636,2025-09-01,43,0
636,2025-10-01,45,0
636,2025-11-01,43,0
636,2025-12-01,43,0
637,2025-04-01,19,0
637,2025-05-01,16,0
637,2025-06-01,9,0
637,2025-07-01,15,0
637,2025-08-01,14,0
637,2025-09-01,8,0
637,2025-10-01,12,1
637,2025-11-01,16,0
637,2025-12-01,12,0
638,2025-04-01,17,0
638,2025-05-01,25,0
638,2025-06-01,28,0
638,2025-07-01,13,0
638,2025-08-01,17,0
638,2025-09-01,27,1
638,2025-10-01,37,0
638,2025-11-01,23,0
638,2025-12-01,29,0
639,2025-04-01,19,0
639,2025-05-01,16,0
639,2025-06-01,17,1
639,2025-07-01,18,0
639,2025-08-01,18,0
639,2025-09-01,26,0
639,2025-10-01,10,0
639,2025-11-01,6,1
639,2025-12-01,4,0
640,2025-04-01,21,0
640,2025-05-01,23,0
640,2025-06-01,20,0
640,2025-07-01,23,0
640,2025-08-01,25,0
640,2025-09-01,19,0
640,2025-10-01,24,0
640,2025-11-01,25,0
640,2025-12-01,21,0
641,2025-04-01,12,0
641,2025-05-01,23,0
641,2025-06-01,13,0
641,2025-07-01,15,1
641,2025-08-01,15,0
641,2025-09-01,19,1
641,2025-10-01,9,0
641,2025-11-01,13,3
641,2025-12-01,7,0
642,2025-04-01,33,0
642,2025-05-01,30,0
642,2025-06-01,29,0
642,2025-07-01,37,0
642,2025-08-01,16,2
642,2025-09-01,10,1
642,2025-10-01,8,1
643,2025-04-01,24,1
643,2025-05-01,21,0
643,2025-06-01,39,0
643,2025-07-01,38,0
643,2025-08-01,34,0
643,2025-09-01,28,1
643,2025-10-01,28,0
643,2025-11-01,33,0
643,2025-12-01,39,1
644,2025-04-01,7,0
644,2025-05-01,10,0
644,2025-06-01,6,0
644,2025-07-01,6,0
644,2025-08-01,9,1
644,2025-09-01,13,0
644,2025-10-01,4,1
644,2025-11-01,7,0
644,2025-12-01,12,0
645,2025-04-01,25,1
645,2025-05-01,27,2
645,2025-06-01,18,1
645,2025-07-01,20,0
645,2025-08-01,29,1
645,2025-09-01,14,0
645,2025-10-01,21,0
645,2025-11-01,26,1
645,2025-12-01,22,0
646,2025-04-01,42,0
646,2025-05-01,32,0
646,2025-06-01,19,0
646,2025-07-01,30,0
646,2025-08-01,31,0
646,2025-09-01,24,0
646,2025-10-01,27,0
646,2025-11-01,34,0
646,2025-12-01,22,0
647,2025-04-01,41,1
647,2025-05-01,47,0
647,2025-06-01,52,1
647,2025-07-01,46,1
647,2025-08-01,36,0
647,2025-09-01,34,0
647,2025-10-01,38,0
647,2025-11-01,30,0
647,2025-12-01,39,0
648,2025-04-01,9,0
648,2025-05-01,10,0
648,2025-06-01,4,1
649,2025-04-01,42,0
649,2025-05-01,68,0
649,2025-06-01,61,2
649,2025-07-01,50,0
649,2025-08-01,52,1
649,2025-09-01,60,0
649,2025-10-01,42,1
649,2025-11-01,31,0
649,2025-12-01,17,1
650,2025-04-01,22,0
650,2025-05-01,21,0
650,2025-06-01,22,1
650,2025-07-01,15,0
650,2025-08-01,16,1
650,2025-09-01,18,0
650,2025-10-01,19,1
650,2025-11-01,17,0
650,2025-12-01,16,1
651,2025-04-01,17,0
651,2025-05-01,11,1
651,2025-06-01,7,0
651,2025-07-01,16,0
651,2025-08-01,12,0
651,2025-09-01,13,0
651,2025-10-01,17,0
651,2025-11-01,24,0
651,2025-12-01,17,1
652,2025-04-01,32,0
652,2025-05-01,19,0
652,2025-06-01,32,0
652,2025-07-01,26,0
652,2025-08-01,27,0
652,2025-09-01,27,0
652,2025-10-01,21,0
652,2025-11-01,33,0
652,2025-12-01,38,0
653,2025-04-01,28,0
653,2025-05-01,27,0
653,2025-06-01,12,0
653,2025-07-01,29,0
653,2025-08-01,36,0
653,2025-09-01,35,2
653,2025-10-01,19,0
653,2025-11-01,24,0
653,2025-12-01,26,0
654,2025-04-01,9,0
654,2025-05-01,9,0
654,2025-06-01,10,1
654,2025-07-01,8,0
654,2025-08-01,13,1
654,2025-09-01,15,0
654,2025-10-01,10,0
654,2025-11-01,1,2
654,2025-12-01,5,0
655,2025-04-01,29,0
655,2025-05-01,26,0
655,2025-06-01,26,0
655,2025-07-01,37,2
655,2025-08-01,32,1
655,2025-09-01,29,0
655,2025-10-01,31,0
655,2025-11-01,34,0
655,2025-12-01,25,0
656,2025-04-01,6,0
656,2025-05-01,4,1
656,2025-06-01,8,0
656,2025-07-01,8,0
656,2025-08-01,14,0
656,2025-09-01,11,0
656,2025-10-01,11,0
656,2025-11-01,2,0
656,2025-12-01,12,0
657,2025-04-01,35,0
657,2025-05-01,23,0
657,2025-06-01,17,0
657,2025-07-01,38,0
657,2025-08-01,30,0
657,2025-09-01,25,1
657,2025-10-01,23,0
657,2025-11-01,29,0
657,2025-12-01,20,0
658,2025-04-01,20,0
658,2025-05-01,20,0
658,2025-06-01,22,0
658,2025-07-01,15,1
658,2025-08-01,23,1
658,2025-09-01,19,1
658,2025-10-01,10,1
658,2025-11-01,15,0
658,2025-12-01,19,0
659,2025-04-01,43,0
659,2025-05-01,36,0
659,2025-06-01,34,1
659,2025-07-01,44,1
659,2025-08-01,32,0
659,2025-09-01,36,1
659,2025-10-01,45,0
659,2025-11-01,30,0
659,2025-12-01,32,1
660,2025-04-01,9,0
660,2025-05-01,6,0
660,2025-06-01,8,0
660,2025-07-01,14,0
660,2025-08-01,11,0
660,2025-09-01,9,1
660,2025-10-01,15,0
660,2025-11-01,8,0
660,2025-12-01,6,0
661,2025-04-01,25,0
661,2025-05-01,19,0
661,2025-06-01,9,0
661,2025-07-01,22,0
661,2025-08-01,16,0
661,2025-09-01,20,0
661,2025-10-01,17,0
661,2025-11-01,23,1
661,2025-12-01,25,1
662,2025-04-01,32,1
662,2025-05-01,24,1
662,2025-06-01,32,0
662,2025-07-01,23,0
662,2025-08-01,35,0
662,2025-09-01,25,2
662,2025-10-01,15,0
662,2025-11-01,25,0
662,2025-12-01,28,0
663,2025-04-01,3,0
663,2025-05-01,5,2
664,2025-04-01,13,1
664,2025-05-01,19,0
664,2025-06-01,21,0
664,2025-07-01,24,1
664,2025-08-01,9,0
664,2025-09-01,17,0
664,2025-10-01,10,1
664,2025-11-01,4,0
664,2025-12-01,5,0
665,2025-04-01,19,0
665,2025-05-01,13,0
665,2025-06-01,14,1
665,2025-07-01,6,1
665,2025-08-01,5,1
666,2025-04-01,27,0
666,2025-05-01,28,0
666,2025-06-01,25,1
666,2025-07-01,26,0
666,2025-08-01,25,1
666,2025-09-01,31,0
666,2025-10-01,27,0
666,2025-11-01,21,0
666,2025-12-01,18,0
667,2025-04-01,8,0
667,2025-05-01,7,1
667,2025-06-01,4,2
668,2025-04-01,12,0
668,2025-05-01,15,0
668,2025-06-01,10,0
668,2025-07-01,15,0
668,2025-08-01,15,1
668,2025-09-01,13,0
668,2025-10-01,19,0
668,2025-11-01,7,1
668,2025-12-01,13,0
669,2025-04-01,17,0
669,2025-05-01,10,1
669,2025-06-01,21,0
669,2025-07-01,17,2
669,2025-08-01,16,0
669,2025-09-01,17,0
669,2025-10-01,25,1
669,2025-11-01,22,0
669,2025-12-01,20,0
670,2025-04-01,49,0
670,2025-05-01,40,0
670,2025-06-01,53,0
670,2025-07-01,62,0
670,2025-08-01,59,0
670,2025-09-01,53,1
670,2025-10-01,54,0
670,2025-11-01,49,0
670,2025-12-01,53,0
671,2025-04-01,15,0
671,2025-05-01,15,0
671,2025-06-01,7,0
671,2025-07-01,4,4
672,2025-04-01,56,0
672,2025-05-01,63,1
672,2025-06-01,70,1
672,2025-07-01,61,0
672,2025-08-01,47,0
672,2025-09-01,52,1
672,2025-10-01,43,0
672,2025-11-01,21,0
672,2025-12-01,12,1
673,2025-04-01,35,1
673,2025-05-01,27,0
673,2025-06-01,30,0
673,2025-07-01,22,0
673,2025-08-01,18,0
673,2025-09-01,20,1
673,2025-10-01,29,1
673,2025-11-01,33,0
673,2025-12-01,28,0
674,2025-04-01,18,0
674,2025-05-01,23,0
674,2025-06-01,17,0
674,2025-07-01,18,1
674,2025-08-01,13,0
674,2025-09-01,15,0
674,2025-10-01,20,0
674,2025-11-01,14,0
674,2025-12-01,7,0
675,2025-04-01,14,0
675,2025-05-01,12,1
676,2025-05-01,50,1
676,2025-06-01,39,2
676,2025-07-01,33,0
676,2025-08-01,45,0
676,2025-09-01,41,0
676,2025-10-01,44,0
676,2025-11-01,37,0
676,2025-12-01,34,0
677,2025-05-01,11,3
677,2025-06-01,10,2
678,2025-05-01,15,0
678,2025-06-01,17,0
678,2025-07-01,22,0
678,2025-08-01,18,1
678,2025-09-01,20,0
678,2025-10-01,19,0
678,2025-11-01,23,0
678,2025-12-01,23,0
679,2025-05-01,26,0
679,2025-06-01,19,2
680,2025-05-01,16,0
680,2025-06-01,20,1
680,2025-07-01,21,1
680,2025-08-01,13,0
680,2025-09-01,18,0
680,2025-10-01,18,2
680,2025-11-01,22,0
680,2025-12-01,28,0
681,2025-05-01,17,0
681,2025-06-01,20,0
681,2025-07-01,13,0
681,2025-08-01,22,0
681,2025-09-01,15,0
681,2025-10-01,21,0
681,2025-11-01,20,0
681,2025-12-01,18,0
682,2025-05-01,13,1
683,2025-05-01,14,1
683,2025-06-01,10,0
683,2025-07-01,13,0
683,2025-08-01,10,0
683,2025-09-01,13,1
683,2025-10-01,8,0
683,2025-11-01,8,0
683,2025-12-01,10,0
684,2025-05-01,54,1
684,2025-06-01,39,0
684,2025-07-01,37,0
684,2025-08-01,46,0
684,2025-09-01,42,0
684,2025-10-01,42,1
684,2025-11-01,37,1
684,2025-12-01,45,1
685,2025-05-01,34,0
685,2025-06-01,32,1
685,2025-07-01,32,1
685,2025-08-01,30,0
685,2025-09-01,33,0
685,2025-10-01,46,2
685,2025-11-01,24,0
685,2025-12-01,33,0
686,2025-05-01,5,0
686,2025-06-01,8,1
686,2025-07-01,10,0
686,2025-08-01,16,0
686,2025-09-01,6,0
686,2025-10-01,11,0
686,2025-11-01,12,0
686,2025-12-01,10,0
687,2025-05-01,6,0
687,2025-06-01,11,0
687,2025-07-01,13,0
687,2025-08-01,6,0
687,2025-09-01,5,1
687,2025-10-01,1,1
688,2025-05-01,10,0
688,2025-06-01,15,0
688,2025-07-01,20,0
688,2025-08-01,16,0
688,2025-09-01,17,1
688,2025-10-01,17,0
688,2025-11-01,9,0
688,2025-12-01,16,0
689,2025-05-01,17,1
689,2025-06-01,15,0
689,2025-07-01,13,0
689,2025-08-01,15,0
689,2025-09-01,17,1
689,2025-10-01,13,0
689,2025-11-01,13,0
689,2025-12-01,9,1
690,2025-05-01,34,0
690,2025-06-01,27,0
690,2025-07-01,23,0
690,2025-08-01,15,0
690,2025-09-01,20,0
690,2025-10-01,19,1
690,2025-11-01,17,0
690,2025-12-01,22,1
691,2025-05-01,8,1
691,2025-06-01,12,0
692,2025-05-01,27,0
692,2025-06-01,28,0
692,2025-07-01,23,0
692,2025-08-01,20,1
692,2025-09-01,24,0
692,2025-10-01,17,2
692,2025-11-01,29,1
692,2025-12-01,20,0
693,2025-05-01,16,1
693,2025-06-01,16,0
693,2025-07-01,17,0
693,2025-08-01,12,0
693,2025-09-01,18,0
693,2025-10-01,17,0
693,2025-11-01,26,0
693,2025-12-01,15,0
694,2025-05-01,82,1
694,2025-06-01,83,0
694,2025-07-01,79,1
694,2025-08-01,101,0
694,2025-09-01,69,0
694,2025-10-01,67,0
694,2025-11-01,83,2
694,2025-12-01,65,0
695,2025-05-01,10,0
695,2025-06-01,10,1
695,2025-07-01,19,0
695,2025-08-01,7,0
695,2025-09-01,8,2
695,2025-10-01,4,1
696,2025-05-01,9,2
696,2025-06-01,3,2
697,2025-05-01,7,0
697,2025-06-01,5,0
697,2025-07-01,13,0
697,2025-08-01,8,2
697,2025-09-01,5,1
697,2025-10-01,6,1
697,2025-11-01,10,0
697,2025-12-01,10,0
698,2025-05-01,45,0
698,2025-06-01,30,0
698,2025-07-01,21,2
698,2025-08-01,11,1
699,2025-05-01,17,2
699,2025-06-01,17,0
699,2025-07-01,16,0
699,2025-08-01,23,0
699,2025-09-01,21,1
699,2025-10-01,21,0
699,2025-11-01,15,1
699,2025-12-01,20,0
700,2025-05-01,12,0
700,2025-06-01,19,0
700,2025-07-01,13,2
700,2025-08-01,10,2
700,2025-09-01,2,0
701,2025-05-01,19,0
701,2025-06-01,18,1
701,2025-07-01,25,0
701,2025-08-01,22,0
701,2025-09-01,17,1
701,2025-10-01,21,0
701,2025-11-01,28,0
701,2025-12-01,14,1
702,2025-05-01,51,0
702,2025-06-01,46,0
702,2025-07-01,41,0
702,2025-08-01,44,0
702,2025-09-01,67,0
702,2025-10-01,33,0
702,2025-11-01,41,0
702,2025-12-01,29,0
703,2025-05-01,24,0
703,2025-06-01,9,2
704,2025-05-01,43,0
704,2025-06-01,51,0
704,2025-07-01,47,0
704,2025-08-01,40,0
704,2025-09-01,57,0
704,2025-10-01,42,0
704,2025-11-01,46,0
704,2025-12-01,54,0
705,2025-05-01,12,0
705,2025-06-01,15,0
705,2025-07-01,14,0
705,2025-08-01,9,1
705,2025-09-01,12,0
705,2025-10-01,9,0
706,2025-05-01,38,0
706,2025-06-01,38,0
707,2025-05-01,9,1
707,2025-06-01,7,0
708,2025-05-01,36,1
708,2025-06-01,43,1
708,2025-07-01,36,1
708,2025-08-01,51,1
708,2025-09-01,43,0
708,2025-10-01,41,0
708,2025-11-01,51,0
708,2025-12-01,40,1
709,2025-05-01,30,0
709,2025-06-01,44,0
709,2025-07-01,32,1
709,2025-08-01,38,0
709,2025-09-01,41,0
709,2025-10-01,26,0
709,2025-11-01,38,0
709,2025-12-01,38,0
710,2025-05-01,10,0
710,2025-06-01,12,0
710,2025-07-01,6,3
711,2025-05-01,17,0
711,2025-06-01,16,0
711,2025-07-01,24,0
712,2025-05-01,15,0
712,2025-06-01,14,1
712,2025-07-01,7,0
712,2025-08-01,4,1
713,2025-05-01,9,2
713,2025-06-01,5,4
714,2025-05-01,47,0
714,2025-06-01,39,1
714,2025-07-01,44,0
714,2025-08-01,43,0
714,2025-09-01,42,0
714,2025-10-01,40,0
714,2025-11-01,42,0
714,2025-12-01,36,1
715,2025-05-01,22,0
715,2025-06-01,30,2
715,2025-07-01,15,0
715,2025-08-01,14,0
715,2025-09-01,7,1
716,2025-05-01,21,0
716,2025-06-01,31,0
716,2025-07-01,29,0
716,2025-08-01,33,0
716,2025-09-01,34,0
716,2025-10-01,24,0
716,2025-11-01,14,0
717,2025-05-01,25,0
717,2025-06-01,23,1
717,2025-07-01,42,0
717,2025-08-01,27,0
717,2025-09-01,24,0
717,2025-10-01,28,0
717,2025-11-01,25,1
717,2025-12-01,29,2
718,2025-05-01,31,0
718,2025-06-01,37,0
718,2025-07-01,37,1
718,2025-08-01,29,2
718,2025-09-01,27,0
718,2025-10-01,15,0
718,2025-11-01,13,0
718,2025-12-01,12,1
719,2025-05-01,17,0
719,2025-06-01,7,0
719,2025-07-01,10,1
719,2025-08-01,10,0
719,2025-09-01,10,0
719,2025-10-01,9,1
719,2025-11-01,8,1
719,2025-12-01,10,0
720,2025-05-01,27,0
720,2025-06-01,11,0
720,2025-07-01,21,0
720,2025-08-01,24,0
720,2025-09-01,14,0
720,2025-10-01,14,1
720,2025-11-01,4,2
721,2025-05-01,14,0
721,2025-06-01,20,0
721,2025-07-01,22,0
721,2025-08-01,11,1
721,2025-09-01,20,1
721,2025-10-01,14,0
721,2025-11-01,14,0
721,2025-12-01,19,1
722,2025-05-01,10,0
722,2025-06-01,9,0
722,2025-07-01,12,1
722,2025-08-01,14,0
722,2025-09-01,18,0
722,2025-10-01,17,0
722,2025-11-01,12,0
722,2025-12-01,9,0
723,2025-05-01,4,0
723,2025-06-01,10,0
723,2025-07-01,9,0
724,2025-05-01,26,0
724,2025-06-01,17,0
724,2025-07-01,16,1
724,2025-08-01,18,0
724,2025-09-01,19,1
724,2025-10-01,28,1
724,2025-11-01,12,0
724,2025-12-01,20,1
725,2025-05-01,26,0
725,2025-06-01,29,0
725,2025-07-01,21,0
725,2025-08-01,30,0
725,2025-09-01,41,0
725,2025-10-01,28,0
725,2025-11-01,36,0
725,2025-12-01,27,0
726,2025-05-01,20,0
726,2025-06-01,15,0
726,2025-07-01,15,1
726,2025-08-01,15,1
726,2025-09-01,16,0
726,2025-10-01,13,0
726,2025-11-01,22,0
726,2025-12-01,22,2
727,2025-05-01,22,0
727,2025-06-01,21,0
727,2025-07-01,28,0
727,2025-08-01,22,0
727,2025-09-01,12,0
727,2025-10-01,31,0
727,2025-11-01,25,0
727,2025-12-01,19,0
728,2025-05-01,13,0
728,2025-06-01,19,0
728,2025-07-01,10,0
728,2025-08-01,17,0
728,2025-09-01,14,0
728,2025-10-01,21,0
728,2025-11-01,7,2
728,2025-12-01,23,0
729,2025-05-01,9,0
729,2025-06-01,5,0
729,2025-07-01,10,0
729,2025-08-01,1,0
729,2025-09-01,6,2
729,2025-10-01,8,0
729,2025-11-01,8,0
729,2025-12-01,6,0
730,2025-05-01,15,0
730,2025-06-01,4,1
730,2025-07-01,7,0
730,2025-08-01,9,0
730,2025-09-01,13,0
730,2025-10-01,15,1
730,2025-11-01,11,1
730,2025-12-01,11,0
731,2025-06-01,8,0
731,2025-07-01,11,1
731,2025-08-01,11,0
731,2025-09-01,14,0
731,2025-10-01,15,0
731,2025-11-01,18,0
731,2025-12-01,12,0
732,2025-06-01,22,0
732,2025-07-01,25,0
732,2025-08-01,30,0
732,2025-09-01,27,0
733,2025-06-01,12,0
733,2025-07-01,10,1
733,2025-08-01,19,0
733,2025-09-01,10,0
733,2025-10-01,16,0
733,2025-11-01,21,0
733,2025-12-01,12,0
734,2025-06-01,33,0
734,2025-07-01,18,0
734,2025-08-01,16,0
734,2025-09-01,20,0
734,2025-10-01,22,0
734,2025-11-01,20,0
734,2025-12-01,20,0
735,2025-06-01,53,0
735,2025-07-01,53,0
735,2025-08-01,38,0
735,2025-09-01,40,0
735,2025-10-01,36,0
735,2025-11-01,54,1
735,2025-12-01,48,0
736,2025-06-01,24,0
736,2025-07-01,23,1
736,2025-08-01,14,0
736,2025-09-01,21,0
736,2025-10-01,37,0
736,2025-11-01,29,1
736,2025-12-01,20,0
737,2025-06-01,8,1
737,2025-07-01,5,0
737,2025-08-01,3,2
738,2025-06-01,12,3
738,2025-07-01,12,0
738,2025-08-01,12,2
738,2025-09-01,13,0
738,2025-10-01,15,0
738,2025-11-01,9,0
738,2025-12-01,9,0
739,2025-06-01,24,0
739,2025-07-01,24,0
739,2025-08-01,28,0
739,2025-09-01,20,0
739,2025-10-01,20,0
739,2025-11-01,19,0
739,2025-12-01,23,1
740,2025-06-01,5,2
741,2025-06-01,12,0
741,2025-07-01,10,0
741,2025-08-01,9,1
741,2025-09-01,14,0
741,2025-10-01,12,0
741,2025-11-01,5,0
741,2025-12-01,1,1
742,2025-06-01,7,1
742,2025-07-01,19,0
742,2025-08-01,12,0
742,2025-09-01,8,0
742,2025-10-01,7,0
742,2025-11-01,12,0
743,2025-06-01,6,0
743,2025-07-01,7,3
743,2025-08-01,3,0
744,2025-06-01,38,2
744,2025-07-01,24,0
744,2025-08-01,27,0
744,2025-09-01,14,0
744,2025-10-01,11,1
745,2025-06-01,13,0
745,2025-07-01,11,0
745,2025-08-01,18,0
745,2025-09-01,10,0
745,2025-10-01,7,0
745,2025-11-01,12,0
745,2025-12-01,7,0
746,2025-06-01,23,1
746,2025-07-01,23,0
746,2025-08-01,22,0
746,2025-09-01,19,0
746,2025-10-01,32,0
746,2025-11-01,31,1
746,2025-12-01,34,0
747,2025-06-01,23,0
747,2025-07-01,18,0
747,2025-08-01,11,0
747,2025-09-01,11,1
747,2025-10-01,20,0
747,2025-11-01,15,0
747,2025-12-01,19,0
748,2025-06-01,11,1
748,2025-07-01,21,0
748,2025-08-01,16,0
748,2025-09-01,19,0
748,2025-10-01,23,0
748,2025-11-01,26,0
748,2025-12-01,26,0
749,2025-06-01,11,0
749,2025-07-01,9,0
749,2025-08-01,17,0
749,2025-09-01,9,0
749,2025-10-01,14,0
749,2025-11-01,13,1
749,2025-12-01,15,0
750,2025-06-01,11,0
750,2025-07-01,19,0
750,2025-08-01,27,1
750,2025-09-01,19,0
750,2025-10-01,22,1
750,2025-11-01,29,0
750,2025-12-01,21,2
751,2025-06-01,24,0
751,2025-07-01,36,0
751,2025-08-01,42,0
751,2025-09-01,17,1
751,2025-10-01,18,0
751,2025-11-01,12,1
752,2025-06-01,15,1
752,2025-07-01,15,1
752,2025-08-01,16,0
752,2025-09-01,16,1
752,2025-10-01,5,2
752,2025-11-01,6,1
752,2025-12-01,7,0
753,2025-06-01,26,1
753,2025-07-01,35,0
753,2025-08-01,33,1
753,2025-09-01,29,0
753,2025-10-01,37,0
753,2025-11-01,33,0
753,2025-12-01,31,1
754,2025-06-01,41,0
754,2025-07-01,56,0
754,2025-08-01,59,0
754,2025-09-01,44,0
754,2025-10-01,47,0
754,2025-11-01,56,0
754,2025-12-01,56,0
755,2025-06-01,33,0
755,2025-07-01,41,0
755,2025-08-01,32,0
755,2025-09-01,28,2
755,2025-10-01,38,1
755,2025-11-01,30,0
755,2025-12-01,30,0
756,2025-06-01,11,0
756,2025-07-01,8,0
756,2025-08-01,5,0
757,2025-06-01,19,0
757,2025-07-01,14,0
757,2025-08-01,19,2
757,2025-09-01,21,0
757,2025-10-01,22,0
757,2025-11-01,20,0
757,2025-12-01,17,0
758,2025-06-01,28,0
758,2025-07-01,16,0
759,2025-06-01,8,0
759,2025-07-01,3,0
760,2025-06-01,27,1
760,2025-07-01,21,0
760,2025-08-01,25,0
760,2025-09-01,16,1
760,2025-10-01,24,0
760,2025-11-01,29,0
760,2025-12-01,27,2
761,2025-06-01,14,0
761,2025-07-01,13,0
761,2025-08-01,6,0
761,2025-09-01,7,0
761,2025-10-01,10,0
761,2025-11-01,13,0
761,2025-12-01,10,1
762,2025-06-01,8,0
762,2025-07-01,17,1
762,2025-08-01,15,0
762,2025-09-01,12,1
762,2025-10-01,18,0
762,2025-11-01,17,0
763,2025-06-01,18,0
763,2025-07-01,19,0
763,2025-08-01,14,0
763,2025-09-01,17,0
763,2025-10-01,28,0
763,2025-11-01,13,0
763,2025-12-01,20,0
764,2025-06-01,20,0
764,2025-07-01,32,0
764,2025-08-01,22,0
764,2025-09-01,26,0
764,2025-10-01,29,0
764,2025-11-01,30,0
764,2025-12-01,20,0
765,2025-06-01,21,0
765,2025-07-01,24,1
765,2025-08-01,16,0
765,2025-09-01,32,2
765,2025-10-01,30,1
765,2025-11-01,25,0
765,2025-12-01,22,1
766,2025-06-01,15,0
766,2025-07-01,11,1
766,2025-08-01,17,1
766,2025-09-01,17,0
766,2025-10-01,20,0
766,2025-11-01,15,2
766,2025-12-01,18,0
767,2025-06-01,33,0
767,2025-07-01,21,1
767,2025-08-01,14,1
767,2025-09-01,7,1
768,2025-06-01,22,1
768,2025-07-01,27,1
768,2025-08-01,23,0
768,2025-09-01,27,2
768,2025-10-01,27,1
768,2025-11-01,34,0
768,2025-12-01,24,0
769,2025-06-01,44,0
769,2025-07-01,45,1
769,2025-08-01,41,0
769,2025-09-01,34,1
769,2025-10-01,38,0
769,2025-11-01,35,0
769,2025-12-01,33,0
770,2025-06-01,16,0
770,2025-07-01,16,0
770,2025-08-01,10,0
770,2025-09-01,20,0
770,2025-10-01,17,0
770,2025-11-01,7,2
770,2025-12-01,9,1
771,2025-06-01,31,0
771,2025-07-01,28,1
771,2025-08-01,21,0
771,2025-09-01,24,0
771,2025-10-01,27,0
771,2025-11-01,26,0
771,2025-12-01,34,1
772,2025-06-01,22,0
772,2025-07-01,44,1
772,2025-08-01,19,0
772,2025-09-01,29,0
772,2025-10-01,24,1
772,2025-11-01,30,0
772,2025-12-01,31,1
773,2025-06-01,27,0
773,2025-07-01,17,0
773,2025-08-01,18,0
773,2025-09-01,25,0
773,2025-10-01,36,0
773,2025-11-01,20,0
773,2025-12-01,22,0
774,2025-06-01,22,0
774,2025-07-01,17,0
774,2025-08-01,12,0
774,2025-09-01,21,0
774,2025-10-01,23,0
774,2025-11-01,18,0
774,2025-12-01,13,1
775,2025-06-01,52,0
775,2025-07-01,50,0
775,2025-08-01,43,0
775,2025-09-01,51,1
775,2025-10-01,49,0
775,2025-11-01,41,0
775,2025-12-01,50,0
776,2025-06-01,41,0
776,2025-07-01,41,0
776,2025-08-01,42,0
776,2025-09-01,46,0
776,2025-10-01,48,1
776,2025-11-01,39,1
776,2025-12-01,42,1
777,2025-06-01,16,0
777,2025-07-01,7,0
777,2025-08-01,3,0
778,2025-06-01,31,0
778,2025-07-01,39,0
778,2025-08-01,45,0
778,2025-09-01,53,0
778,2025-10-01,45,0
778,2025-11-01,56,0
778,2025-12-01,62,0
779,2025-06-01,8,0
779,2025-07-01,7,1
780,2025-07-01,9,0
780,2025-08-01,14,1
780,2025-09-01,14,0
780,2025-10-01,9,0
780,2025-11-01,2,0
781,2025-07-01,11,0
781,2025-08-01,32,0
781,2025-09-01,17,0
781,2025-10-01,12,0
781,2025-11-01,26,0
781,2025-12-01,17,0
782,2025-07-01,58,0
782,2025-08-01,56,0
782,2025-09-01,50,0
782,2025-10-01,50,0
782,2025-11-01,43,0
782,2025-12-01,44,0
783,2025-07-01,10,0
783,2025-08-01,9,1
783,2025-09-01,3,0
784,2025-07-01,31,0
784,2025-08-01,22,1
784,2025-09-01,25,1
784,2025-10-01,24,1
784,2025-11-01,24,1
784,2025-12-01,35,0
785,2025-07-01,21,0
785,2025-08-01,14,1
785,2025-09-01,10,1
786,2025-07-01,21,1
786,2025-08-01,22,1
786,2025-09-01,25,0
786,2025-10-01,20,1
786,2025-11-01,8,0
786,2025-12-01,5,0
787,2025-07-01,8,0
787,2025-08-01,4,0
788,2025-07-01,28,0
788,2025-08-01,26,0
788,2025-09-01,22,0
788,2025-10-01,21,1
788,2025-11-01,27,0
788,2025-12-01,28,0
789,2025-07-01,12,1
789,2025-08-01,15,1
789,2025-09-01,5,2
790,2025-07-01,5,0
791,2025-07-01,12,1
791,2025-08-01,16,1
791,2025-09-01,18,0
791,2025-10-01,21,0
791,2025-11-01,11,0
791,2025-12-01,15,0
792,2025-07-01,21,0
792,2025-08-01,9,1
792,2025-09-01,15,0
792,2025-10-01,12,0
792,2025-11-01,12,1
792,2025-12-01,14,0
793,2025-07-01,9,0
793,2025-08-01,11,0
793,2025-09-01,11,0
793,2025-10-01,11,0
793,2025-11-01,2,0
793,2025-12-01,4,0
794,2025-07-01,34,0
794,2025-08-01,40,0
794,2025-09-01,26,0
794,2025-10-01,32,0
794,2025-11-01,30,0
794,2025-12-01,28,0
795,2025-07-01,9,1
795,2025-08-01,6,1
796,2025-07-01,12,0
796,2025-08-01,17,0
796,2025-09-01,16,0
796,2025-10-01,11,0
796,2025-11-01,17,1
796,2025-12-01,14,1
797,2025-07-01,55,0
797,2025-08-01,43,0
797,2025-09-01,43,0
797,2025-10-01,50,1
797,2025-11-01,53,0
797,2025-12-01,52,0
798,2025-07-01,16,0
798,2025-08-01,19,0
798,2025-09-01,22,0
798,2025-10-01,25,0
798,2025-11-01,19,0
798,2025-12-01,23,0
799,2025-07-01,23,0
800,2025-07-01,22,0
800,2025-08-01,28,1
800,2025-09-01,30,0
800,2025-10-01,26,0
800,2025-11-01,22,1
800,2025-12-01,17,0
801,2025-07-01,21,0
801,2025-08-01,17,0
801,2025-09-01,11,0
801,2025-10-01,15,1
801,2025-11-01,4,2
802,2025-07-01,7,0
802,2025-08-01,13,0
802,2025-09-01,15,0
802,2025-10-01,13,0
802,2025-11-01,14,1
802,2025-12-01,13,0
803,2025-07-01,12,0
803,2025-08-01,9,0
803,2025-09-01,11,0
803,2025-10-01,18,0
804,2025-07-01,11,1
804,2025-08-01,19,0
804,2025-09-01,16,0
804,2025-10-01,24,0
804,2025-11-01,18,0
804,2025-12-01,20,0
805,2025-07-01,44,0
805,2025-08-01,51,0
805,2025-09-01,46,0
805,2025-10-01,39,0
805,2025-11-01,41,0
805,2025-12-01,37,0
806,2025-07-01,21,0
806,2025-08-01,18,1
806,2025-09-01,32,0
806,2025-10-01,26,0
806,2025-11-01,24,0
806,2025-12-01,29,0
807,2025-07-01,32,0
807,2025-08-01,26,0
807,2025-09-01,24,0
807,2025-10-01,29,1
807,2025-11-01,21,0
807,2025-12-01,18,0
808,2025-07-01,5,1
808,2025-08-01,7,2
808,2025-09-01,6,0
808,2025-10-01,5,0
808,2025-11-01,7,0
808,2025-12-01,10,0
809,2025-07-01,21,0
809,2025-08-01,14,2
809,2025-09-01,12,0
809,2025-10-01,15,0
809,2025-11-01,16,0
809,2025-12-01,19,0
810,2025-07-01,42,1
810,2025-08-01,52,0
810,2025-09-01,38,0
810,2025-10-01,22,0
810,2025-11-01,19,2
811,2025-07-01,14,0
811,2025-08-01,13,0
811,2025-09-01,10,1
811,2025-10-01,14,1
811,2025-11-01,11,2
811,2025-12-01,16,1
812,2025-07-01,14,0
812,2025-08-01,18,0
812,2025-09-01,12,0
812,2025-10-01,19,0
812,2025-11-01,17,0
812,2025-12-01,13,0
813,2025-07-01,21,0
813,2025-08-01,5,0
813,2025-09-01,11,0
813,2025-10-01,14,0
813,2025-11-01,12,0
813,2025-12-01,16,0
814,2025-07-01,29,1
814,2025-08-01,19,0
814,2025-09-01,21,1
814,2025-10-01,20,0
814,2025-11-01,21,0
814,2025-12-01,25,1
815,2025-07-01,26,0
815,2025-08-01,27,1
815,2025-09-01,29,0
815,2025-10-01,24,0
815,2025-11-01,24,0
815,2025-12-01,24,0
816,2025-07-01,50,0
816,2025-08-01,32,1
816,2025-09-01,40,0
816,2025-10-01,55,0
816,2025-11-01,46,1
816,2025-12-01,42,0
817,2025-07-01,9,0
817,2025-08-01,7,0
817,2025-09-01,8,0
817,2025-10-01,9,0
817,2025-11-01,9,0
817,2025-12-01,17,0
818,2025-07-01,13,0
818,2025-08-01,9,1
818,2025-09-01,5,2
819,2025-07-01,30,0
819,2025-08-01,16,0
819,2025-09-01,22,0
819,2025-10-01,19,0
819,2025-11-01,15,2
819,2025-12-01,18,0
820,2025-07-01,22,0
820,2025-08-01,24,0
820,2025-09-01,29,0
820,2025-10-01,7,0
820,2025-11-01,22,1
820,2025-12-01,22,1
821,2025-08-01,20,1
821,2025-09-01,22,0
821,2025-10-01,15,1
821,2025-11-01,22,0
821,2025-12-01,25,0
822,2025-08-01,5,2
823,2025-08-01,9,0
823,2025-09-01,7,0
823,2025-10-01,5,0
823,2025-11-01,7,0
823,2025-12-01,7,0
824,2025-08-01,17,1
824,2025-09-01,11,0
824,2025-10-01,10,0
824,2025-11-01,2,1
824,2025-12-01,7,2
825,2025-08-01,11,0
825,2025-09-01,12,0
825,2025-10-01,15,0
825,2025-11-01,9,0
825,2025-12-01,11,0
826,2025-08-01,10,0
826,2025-09-01,19,0
826,2025-10-01,10,0
826,2025-11-01,16,0
827,2025-08-01,16,0
827,2025-09-01,14,0
827,2025-10-01,17,0
828,2025-08-01,9,0
828,2025-09-01,18,0
828,2025-10-01,13,0
828,2025-11-01,13,1
828,2025-12-01,13,0
829,2025-08-01,18,0
829,2025-09-01,8,1
829,2025-10-01,12,0
829,2025-11-01,12,0
829,2025-12-01,6,0
830,2025-08-01,34,0
830,2025-09-01,39,1
830,2025-10-01,48,0
830,2025-11-01,40,0
830,2025-12-01,42,0
831,2025-08-01,5,0
831,2025-09-01,4,0
831,2025-10-01,6,1
832,2025-08-01,38,0
832,2025-09-01,41,0
832,2025-10-01,42,0
832,2025-11-01,46,0
832,2025-12-01,40,0
833,2025-08-01,28,1
833,2025-09-01,27,1
833,2025-10-01,25,0
833,2025-11-01,32,0
833,2025-12-01,29,0
834,2025-08-01,37,1
834,2025-09-01,31,0
834,2025-10-01,27,0
834,2025-11-01,36,0
834,2025-12-01,27,2
835,2025-08-01,18,0
835,2025-09-01,9,0
835,2025-10-01,12,0
835,2025-11-01,12,0
835,2025-12-01,25,0
836,2025-08-01,42,1
836,2025-09-01,46,0
836,2025-10-01,50,0
836,2025-11-01,39,0
836,2025-12-01,38,0
837,2025-08-01,28,0
837,2025-09-01,17,0
837,2025-10-01,20,0
837,2025-11-01,11,0
837,2025-12-01,10,0
838,2025-08-01,12,0
838,2025-09-01,14,1
838,2025-10-01,9,0
838,2025-11-01,17,0
838,2025-12-01,9,0
839,2025-08-01,13,0
839,2025-09-01,19,0
839,2025-10-01,20,0
839,2025-11-01,18,0
839,2025-12-01,14,0
840,2025-08-01,8,1
840,2025-09-01,8,1
840,2025-10-01,13,0
840,2025-11-01,16,0
840,2025-12-01,14,0
841,2025-08-01,25,0
841,2025-09-01,19,0
841,2025-10-01,27,0
841,2025-11-01,25,0
841,2025-12-01,20,0
842,2025-08-01,22,0
842,2025-09-01,18,0
842,2025-10-01,22,1
842,2025-11-01,15,1
842,2025-12-01,18,0
843,2025-08-01,11,0
843,2025-09-01,12,0
843,2025-10-01,12,0
843,2025-11-01,13,0
843,2025-12-01,17,0
844,2025-08-01,14,0
844,2025-09-01,14,0
844,2025-10-01,22,1
844,2025-11-01,22,0
844,2025-12-01,13,0
845,2025-08-01,35,1
845,2025-09-01,29,1
845,2025-10-01,25,0
845,2025-11-01,23,0
845,2025-12-01,28,0
846,2025-08-01,19,0
846,2025-09-01,23,0
846,2025-10-01,10,0
846,2025-11-01,17,0
846,2025-12-01,16,0
847,2025-08-01,13,0
847,2025-09-01,14,1
847,2025-10-01,15,0
847,2025-11-01,5,0
847,2025-12-01,11,0
848,2025-08-01,14,1
848,2025-09-01,12,1
848,2025-10-01,7,0
848,2025-11-01,21,0
848,2025-12-01,14,0
849,2025-08-01,30,1
849,2025-09-01,29,0
849,2025-10-01,27,0
849,2025-11-01,22,0
849,2025-12-01,21,0
850,2025-08-01,14,0
850,2025-09-01,13,1
850,2025-10-01,25,0
850,2025-11-01,15,0
850,2025-12-01,13,0
851,2025-08-01,52,0
851,2025-09-01,45,0
851,2025-10-01,41,0
851,2025-11-01,43,0
851,2025-12-01,52,0
852,2025-08-01,19,0
852,2025-09-01,17,0
852,2025-10-01,15,0
852,2025-11-01,10,0
852,2025-12-01,16,0
853,2025-08-01,47,0
853,2025-09-01,47,0
853,2025-10-01,43,0
853,2025-11-01,51,0
853,2025-12-01,52,0
854,2025-08-01,18,0
854,2025-09-01,16,0
854,2025-10-01,23,0
854,2025-11-01,20,1
854,2025-12-01,25,1
855,2025-08-01,18,2
855,2025-09-01,6,2
855,2025-10-01,8,4
856,2025-08-01,14,2
856,2025-09-01,20,0
856,2025-10-01,21,0
856,2025-11-01,13,0
856,2025-12-01,12,0
857,2025-08-01,37,0
857,2025-09-01,42,0
857,2025-10-01,40,0
857,2025-11-01,50,0
857,2025-12-01,50,0
858,2025-08-01,16,1
858,2025-09-01,22,0
858,2025-10-01,23,1
858,2025-11-01,18,0
858,2025-12-01,13,0
859,2025-08-01,18,0
859,2025-09-01,26,0
859,2025-10-01,21,0
859,2025-11-01,27,0
859,2025-12-01,28,1
860,2025-08-01,19,0
860,2025-09-01,27,0
860,2025-10-01,18,0
860,2025-11-01,18,0
860,2025-12-01,19,0
861,2025-08-01,16,0
861,2025-09-01,4,1
861,2025-10-01,16,0
861,2025-11-01,13,0
861,2025-12-01,11,0
862,2025-08-01,6,3
862,2025-09-01,7,0
863,2025-08-01,42,0
863,2025-09-01,30,0
863,2025-10-01,46,0
863,2025-11-01,36,1
863,2025-12-01,46,0
864,2025-08-01,20,0
864,2025-09-01,15,0
864,2025-10-01,5,1
865,2025-08-01,12,0
865,2025-09-01,15,0
865,2025-10-01,17,0
865,2025-11-01,11,0
865,2025-12-01,16,0
866,2025-08-01,45,1
866,2025-09-01,38,1
866,2025-10-01,50,0
866,2025-11-01,47,0
866,2025-12-01,47,0
867,2025-08-01,14,0
867,2025-09-01,11,0
867,2025-10-01,29,1
867,2025-11-01,17,0
867,2025-12-01,15,0
868,2025-08-01,18,0
868,2025-09-01,20,1
868,2025-10-01,10,1
868,2025-11-01,13,2
868,2025-12-01,20,0
869,2025-08-01,20,1
869,2025-09-01,12,0
869,2025-10-01,11,0
869,2025-11-01,12,0
869,2025-12-01,12,0
870,2025-08-01,12,0
870,2025-09-01,22,0
870,2025-10-01,20,0
870,2025-11-01,22,0
870,2025-12-01,16,0
871,2025-08-01,21,0
871,2025-09-01,14,0
871,2025-10-01,16,0
871,2025-11-01,19,0
871,2025-12-01,19,1
872,2025-08-01,10,3
872,2025-09-01,3,1
873,2025-08-01,21,0
873,2025-09-01,22,0
873,2025-10-01,22,0
873,2025-11-01,27,0
873,2025-12-01,16,1
874,2025-08-01,14,0
874,2025-09-01,24,1
874,2025-10-01,25,0
874,2025-11-01,32,0
874,2025-12-01,17,0
875,2025-08-01,12,1
875,2025-09-01,8,1
875,2025-10-01,14,1
875,2025-11-01,18,0
875,2025-12-01,18,1
876,2025-08-01,13,0
876,2025-09-01,17,0
876,2025-10-01,12,0
876,2025-11-01,18,0
876,2025-12-01,18,1
877,2025-09-01,10,1
877,2025-10-01,8,2
878,2025-09-01,16,0
878,2025-10-01,15,0
878,2025-11-01,15,1
878,2025-12-01,10,1
879,2025-09-01,10,0
879,2025-10-01,6,3
879,2025-11-01,2,1
880,2025-09-01,27,1
880,2025-10-01,16,0
880,2025-11-01,23,0
880,2025-12-01,28,0
881,2025-09-01,16,0
881,2025-10-01,14,0
881,2025-11-01,16,0
881,2025-12-01,12,0
882,2025-09-01,19,0
882,2025-10-01,30,1
882,2025-11-01,27,0
882,2025-12-01,23,0
883,2025-09-01,21,0
883,2025-10-01,15,1
883,2025-11-01,13,0
883,2025-12-01,16,0
884,2025-09-01,26,0
884,2025-10-01,25,0
884,2025-11-01,29,1
884,2025-12-01,22,0
885,2025-09-01,15,0
885,2025-10-01,9,2
885,2025-11-01,10,0
885,2025-12-01,7,0
886,2025-09-01,28,0
886,2025-10-01,51,0
886,2025-11-01,30,1
886,2025-12-01,56,0
887,2025-09-01,23,1
887,2025-10-01,22,0
887,2025-11-01,26,0
887,2025-12-01,29,0
888,2025-09-01,15,0
888,2025-10-01,21,0
888,2025-11-01,12,0
888,2025-12-01,14,1
889,2025-09-01,3,0
889,2025-10-01,6,1
889,2025-11-01,5,1
889,2025-12-01,9,0
890,2025-09-01,26,0
890,2025-10-01,28,0
890,2025-11-01,23,1
890,2025-12-01,24,1
891,2025-09-01,9,0
891,2025-10-01,11,0
891,2025-11-01,5,1
891,2025-12-01,1,0
892,2025-09-01,27,0
892,2025-10-01,24,0
892,2025-11-01,19,0
892,2025-12-01,19,1
893,2025-09-01,38,0
893,2025-10-01,35,0
893,2025-11-01,33,1
893,2025-12-01,36,0
894,2025-09-01,6,0
894,2025-10-01,7,2
895,2025-09-01,17,0
895,2025-10-01,17,0
895,2025-11-01,15,0
895,2025-12-01,15,0
896,2025-09-01,16,1
896,2025-10-01,19,0
896,2025-11-01,16,1
896,2025-12-01,12,0
897,2025-09-01,52,0
897,2025-10-01,40,1
897,2025-11-01,41,0
897,2025-12-01,47,0
898,2025-09-01,11,0
898,2025-10-01,4,1
899,2025-09-01,16,1
899,2025-10-01,17,0
899,2025-11-01,22,0
900,2025-09-01,17,0
900,2025-10-01,17,0
900,2025-11-01,13,1
900,2025-12-01,15,0
901,2025-09-01,9,0
901,2025-10-01,8,0
901,2025-11-01,9,0
901,2025-12-01,9,0
902,2025-09-01,20,0
902,2025-10-01,16,0
902,2025-11-01,29,0
902,2025-12-01,9,0
903,2025-09-01,24,0
903,2025-10-01,19,1
903,2025-11-01,18,0
903,2025-12-01,27,1
904,2025-09-01,8,1
904,2025-10-01,6,1
904,2025-11-01,10,0
904,2025-12-01,6,0
905,2025-09-01,17,0
905,2025-10-01,25,0
905,2025-11-01,16,0
905,2025-12-01,13,0
906,2025-09-01,13,0
906,2025-10-01,22,1
906,2025-11-01,24,0
906,2025-12-01,18,0
907,2025-09-01,64,1
907,2025-10-01,50,1
907,2025-11-01,45,0
907,2025-12-01,54,0
908,2025-09-01,28,1
908,2025-10-01,33,0
908,2025-11-01,53,0
908,2025-12-01,43,1
909,2025-09-01,12,0
909,2025-10-01,12,0
909,2025-11-01,3,0
909,2025-12-01,4,0
910,2025-09-01,8,0
910,2025-10-01,10,0
910,2025-11-01,12,0
910,2025-12-01,16,0
911,2025-09-01,19,0
911,2025-10-01,13,0
911,2025-11-01,16,1
911,2025-12-01,20,0
912,2025-09-01,9,0
912,2025-10-01,11,0
912,2025-11-01,5,0
912,2025-12-01,7,0
913,2025-09-01,22,0
913,2025-10-01,18,0
913,2025-11-01,19,1
913,2025-12-01,14,0
914,2025-09-01,9,0
914,2025-10-01,4,0
915,2025-09-01,16,0
915,2025-10-01,14,1
915,2025-11-01,8,0
915,2025-12-01,20,1
916,2025-09-01,13,0
916,2025-10-01,12,1
916,2025-11-01,10,0
916,2025-12-01,14,1
917,2025-09-01,15,1
917,2025-10-01,8,3
918,2025-09-01,34,1
918,2025-10-01,27,0
918,2025-11-01,29,0
918,2025-12-01,46,0
919,2025-09-01,39,1
919,2025-10-01,34,0
919,2025-11-01,36,0
919,2025-12-01,31,1
920,2025-09-01,18,0
920,2025-10-01,17,2
920,2025-11-01,16,0
920,2025-12-01,13,0
921,2025-09-01,18,0
921,2025-10-01,15,0
921,2025-11-01,22,0
921,2025-12-01,16,0
922,2025-09-01,13,0
922,2025-10-01,19,0
922,2025-11-01,13,0
922,2025-12-01,8,0
923,2025-09-01,8,0
923,2025-10-01,10,0
923,2025-11-01,15,0
923,2025-12-01,10,0
924,2025-09-01,14,0
924,2025-10-01,12,0
924,2025-11-01,16,2
924,2025-12-01,12,0
925,2025-09-01,42,0
925,2025-10-01,39,0
925,2025-11-01,36,0
925,2025-12-01,52,1
926,2025-09-01,5,1
926,2025-10-01,11,1
926,2025-11-01,3,1
927,2025-09-01,7,1
927,2025-10-01,4,0
927,2025-11-01,3,0
928,2025-09-01,24,0
928,2025-10-01,15,1
928,2025-11-01,8,1
928,2025-12-01,3,0
929,2025-09-01,8,1
929,2025-10-01,12,0
929,2025-11-01,10,0
929,2025-12-01,11,1
930,2025-09-01,7,1
930,2025-10-01,11,1
930,2025-11-01,12,0
930,2025-12-01,8,0
931,2025-09-01,6,0
931,2025-10-01,5,1
931,2025-11-01,11,0
931,2025-12-01,12,1
932,2025-09-01,18,0
932,2025-10-01,25,0
932,2025-11-01,23,1
932,2025-12-01,24,0
933,2025-09-01,20,0
933,2025-10-01,10,0
933,2025-11-01,8,0
933,2025-12-01,5,2
934,2025-09-01,15,1
934,2025-10-01,10,1
934,2025-11-01,9,0
935,2025-10-01,30,2
935,2025-11-01,27,0
935,2025-12-01,31,1
936,2025-10-01,7,0
937,2025-10-01,26,0
937,2025-11-01,28,0
937,2025-12-01,28,2
938,2025-10-01,24,0
938,2025-11-01,28,0
938,2025-12-01,24,0
939,2025-10-01,24,0
939,2025-11-01,28,0
939,2025-12-01,32,0
940,2025-10-01,20,0
940,2025-11-01,19,0
940,2025-12-01,20,1
941,2025-10-01,23,1
941,2025-11-01,24,0
941,2025-12-01,20,0
942,2025-10-01,14,0
942,2025-11-01,8,0
942,2025-12-01,9,0
943,2025-10-01,12,1
943,2025-11-01,7,0
943,2025-12-01,11,0
944,2025-10-01,14,0
944,2025-11-01,18,0
944,2025-12-01,16,1
945,2025-10-01,14,1
945,2025-11-01,15,3
946,2025-10-01,33,1
946,2025-11-01,29,0
946,2025-12-01,34,0
947,2025-10-01,22,0
947,2025-11-01,18,0
947,2025-12-01,33,0
948,2025-10-01,18,0
948,2025-11-01,18,1
948,2025-12-01,17,0
949,2025-10-01,23,1
949,2025-11-01,15,0
949,2025-12-01,13,0
950,2025-10-01,5,1
950,2025-11-01,3,1
951,2025-10-01,22,0
951,2025-11-01,26,1
951,2025-12-01,22,0
952,2025-10-01,8,0
952,2025-11-01,5,2
952,2025-12-01,1,3
953,2025-10-01,48,1
953,2025-11-01,36,0
953,2025-12-01,36,2
954,2025-10-01,17,0
954,2025-11-01,20,0
954,2025-12-01,22,0
955,2025-10-01,11,0
955,2025-11-01,3,1
955,2025-12-01,12,0
956,2025-10-01,29,1
956,2025-11-01,26,1
956,2025-12-01,41,0
957,2025-10-01,12,0
957,2025-11-01,14,0
957,2025-12-01,15,0
958,2025-10-01,37,0
958,2025-11-01,38,1
958,2025-12-01,33,0
959,2025-10-01,18,1
959,2025-11-01,20,0
959,2025-12-01,19,0
960,2025-10-01,17,0
960,2025-11-01,8,0
960,2025-12-01,20,0
961,2025-10-01,56,0
961,2025-11-01,44,0
961,2025-12-01,49,0
962,2025-10-01,27,0
962,2025-11-01,20,0
962,2025-12-01,24,1
963,2025-10-01,25,0
963,2025-11-01,13,0
963,2025-12-01,8,1
964,2025-10-01,10,0
964,2025-11-01,4,3
964,2025-12-01,3,1
965,2025-10-01,11,0
965,2025-11-01,10,0
965,2025-12-01,12,0
966,2025-10-01,12,1
966,2025-11-01,12,0
966,2025-12-01,13,0
967,2025-10-01,8,1
967,2025-11-01,8,0
967,2025-12-01,6,0
968,2025-10-01,8,2
968,2025-11-01,3,2
969,2025-10-01,17,0
969,2025-11-01,14,1
969,2025-12-01,11,0
970,2025-10-01,11,1
970,2025-11-01,13,1
970,2025-12-01,17,0
971,2025-10-01,19,0
971,2025-11-01,30,0
971,2025-12-01,20,0
972,2025-10-01,31,1
972,2025-11-01,32,0
972,2025-12-01,35,0
973,2025-10-01,19,0
973,2025-11-01,22,0
973,2025-12-01,17,0
974,2025-10-01,12,0
974,2025-11-01,9,0
974,2025-12-01,3,2
975,2025-10-01,23,0
975,2025-11-01,23,0
975,2025-12-01,25,0
976,2025-10-01,27,0
976,2025-11-01,30,0
976,2025-12-01,25,0
977,2025-10-01,17,1
977,2025-11-01,22,0
977,2025-12-01,25,0
978,2025-10-01,9,1
978,2025-11-01,10,1
979,2025-10-01,12,1
979,2025-11-01,15,0
979,2025-12-01,2,0
980,2025-10-01,15,0
980,2025-11-01,18,0
980,2025-12-01,11,1
981,2025-10-01,8,0
981,2025-11-01,14,1
981,2025-12-01,13,0
982,2025-10-01,13,0
982,2025-11-01,13,0
982,2025-12-01,3,0
983,2025-10-01,5,2
983,2025-11-01,2,1
984,2025-10-01,69,1
984,2025-11-01,42,1
984,2025-12-01,25,1
985,2025-10-01,13,1
985,2025-11-01,12,0
985,2025-12-01,9,0
986,2025-10-01,19,0
986,2025-11-01,21,1
986,2025-12-01,14,0
987,2025-11-01,18,0
987,2025-12-01,25,0
988,2025-11-01,27,0
988,2025-12-01,37,0
989,2025-11-01,13,0
989,2025-12-01,21,1
990,2025-11-01,39,1
990,2025-12-01,41,0
991,2025-11-01,18,1
991,2025-12-01,17,1
992,2025-11-01,22,0
992,2025-12-01,21,0
993,2025-11-01,11,0
993,2025-12-01,13,0
994,2025-11-01,12,0
994,2025-12-01,12,0
995,2025-11-01,11,0
995,2025-12-01,4,0
996,2025-11-01,29,0
996,2025-12-01,40,0
997,2025-11-01,14,0
997,2025-12-01,14,0
998,2025-11-01,19,0
998,2025-12-01,15,0
999,2025-11-01,10,0
999,2025-12-01,11,0
1000,2025-11-01,21,0
1000,2025-12-01,19,0
1001,2025-11-01,20,0
1001,2025-12-01,33,0
1002,2025-11-01,29,0
1002,2025-12-01,33,0
1003,2025-11-01,8,0
1003,2025-12-01,6,3
1004,2025-11-01,11,1
1004,2025-12-01,12,1
1005,2025-11-01,12,1
1005,2025-12-01,23,0
1006,2025-11-01,10,0
1006,2025-12-01,19,0
1007,2025-11-01,22,0
1007,2025-12-01,11,0
1008,2025-11-01,19,0
1008,2025-12-01,20,0
1009,2025-11-01,26,0
1009,2025-12-01,28,0
1010,2025-11-01,17,0
1010,2025-12-01,12,0
1011,2025-11-01,16,0
1011,2025-12-01,11,0
1012,2025-11-01,27,0
1012,2025-12-01,14,0
1013,2025-11-01,13,0
1013,2025-12-01,13,0
1014,2025-11-01,6,0
1014,2025-12-01,6,1
1015,2025-11-01,53,2
1015,2025-12-01,49,2
1016,2025-11-01,29,0
1016,2025-12-01,33,0
1017,2025-11-01,15,2
1017,2025-12-01,23,0
1018,2025-11-01,22,0
1018,2025-12-01,18,2
1019,2025-11-01,33,0
1019,2025-12-01,38,1
1020,2025-11-01,42,0
1020,2025-12-01,37,0
1021,2025-11-01,52,0
1021,2025-12-01,35,0
1022,2025-11-01,18,0
1022,2025-12-01,22,0
1023,2025-11-01,15,0
1023,2025-12-01,16,0
1024,2025-11-01,14,1
1024,2025-12-01,11,0
1025,2025-11-01,18,0
1025,2025-12-01,23,0
1026,2025-11-01,19,1
1026,2025-12-01,11,0
1027,2025-11-01,9,0
1027,2025-12-01,9,0
1028,2025-11-01,19,0
1028,2025-12-01,17,0
1029,2025-11-01,13,0
1029,2025-12-01,10,2
1030,2025-11-01,55,0
1030,2025-12-01,41,0
1031,2025-11-01,30,0
1031,2025-12-01,35,1
1032,2025-11-01,9,0
1032,2025-12-01,13,1
1033,2025-11-01,17,0
1033,2025-12-01,7,0
1034,2025-11-01,6,0
1034,2025-12-01,2,0
1035,2025-11-01,12,0
1035,2025-12-01,11,1
1036,2025-12-01,2,2
1037,2025-12-01,32,0
1038,2025-12-01,27,0
1039,2025-12-01,10,1
1040,2025-12-01,15,0
1041,2025-12-01,25,0
1042,2025-12-01,13,0
1043,2025-12-01,24,1
1044,2025-12-01,14,1
1045,2025-12-01,28,0
1046,2025-12-01,12,1
1047,2025-12-01,24,0
1048,2025-12-01,18,0
1049,2025-12-01,13,1
1050,2025-12-01,26,0
1051,2025-12-01,12,0
1052,2025-12-01,13,1
1053,2025-12-01,21,0
1054,2025-12-01,28,0
1055,2025-12-01,33,0
1056,2025-12-01,18,0
1057,2025-12-01,25,0
1058,2025-12-01,11,1
1059,2025-12-01,10,2
1060,2025-12-01,9,1
1061,2025-12-01,2,1
1062,2025-12-01,15,1
1063,2025-12-01,14,0
1064,2025-12-01,18,1
1065,2025-12-01,11,0
1066,2025-12-01,18,0
1067,2025-12-01,3,0
1068,2025-12-01,19,0
1069,2025-12-01,31,1
1070,2025-12-01,40,2
1071,2025-12-01,35,0
1072,2025-12-01,62,0
1073,2025-12-01,10,0
1074,2025-12-01,36,0
1075,2025-12-01,12,1
1076,2025-12-01,11,0
1077,2025-12-01,11,0
